t,target,cmd,measured
0,20,20,0
0.005,20,20,0
0.01,20,20,0
0.015,20,20,0.1
0.02,20,19.9,0.1
0.025,20,19.9,0.1
0.03,20,19.9,0.2
0.035,20,19.8,0.2
0.04,20,19.8,0.3
0.045,20,19.7,0.3
0.05,20,19.7,0.4
0.055,20,19.6,0.5
0.06,20,19.5,0.5
0.065,20,19.5,0.6
0.07,20,19.4,0.7
0.075,20,19.3,0.7
0.08,20,19.3,0.8
0.085,20,19.2,0.9
0.09,20,19.1,1
0.095,20,19,1.1
0.1,20,18.9,1.1
0.105,20,18.9,1.2
0.11,20,18.8,1.3
0.115,20,18.7,1.4
0.12,20,18.6,1.5
0.125,20,18.5,1.6
0.13,20,18.4,1.7
0.135,20,18.3,1.8
0.14,20,18.2,1.9
0.145,20,18.1,1.9
0.15,20,18.1,2
0.155,20,18,2.1
0.16,20,17.9,2.2
0.165,20,17.8,2.3
0.17,20,17.7,2.4
0.175,20,17.6,2.5
0.18,20,17.5,2.6
0.185,20,17.4,2.7
0.19,20,17.3,2.8
0.195,20,17.2,2.9
0.2,20,17.1,3
0.205,20,17,3.1
0.21,20,16.9,3.2
0.215,20,16.8,3.2
0.22,20,16.8,3.3
0.225,20,16.7,3.4
0.23,20,16.6,3.5
0.235,20,16.5,3.6
0.24,20,16.4,3.7
0.245,20,16.3,3.8
0.25,20,16.2,3.9
0.255,20,16.1,4
0.26,20,16,4.1
0.265,20,15.9,4.2
0.27,20,15.8,4.2
0.275,20,15.8,4.3
0.28,20,15.7,4.4
0.285,20,15.6,4.5
0.29,20,15.5,4.6
0.295,20,15.4,4.7
0.3,20,15.3,4.8
0.305,20,15.2,4.9
0.31,20,15.1,4.9
0.315,20,15.1,5
0.32,20,15,5.1
0.325,20,14.9,5.2
0.33,20,14.8,5.3
0.335,20,14.7,5.4
0.34,20,14.6,5.4
0.345,20,14.6,5.5
0.35,20,14.5,5.6
0.355,20,14.4,5.7
0.36,20,14.3,5.8
0.365,20,14.2,5.8
0.37,20,14.2,5.9
0.375,20,14.1,6
0.38,20,14,6.1
0.385,20,13.9,6.2
0.39,20,13.8,6.2
0.395,20,13.8,6.3
0.4,20,13.7,6.4
0.405,20,13.6,6.5
0.41,20,13.5,6.5
0.415,20,13.5,6.6
0.42,20,13.4,6.7
0.425,20,13.3,6.8
0.43,20,13.2,6.8
0.435,20,13.2,6.9
0.44,20,13.1,7
0.445,20,13,7.1
0.45,20,12.9,7.1
0.455,20,12.9,7.2
0.46,20,12.8,7.3
0.465,20,12.7,7.3
0.47,20,12.7,7.4
0.475,20,12.6,7.5
0.48,20,12.5,7.5
0.485,20,12.5,7.6
0.49,20,12.4,7.7
0.495,20,12.3,7.7
0.5,20,12.3,7.8
0.505,20,12.2,7.9
0.51,20,12.1,7.9
0.515,20,12.1,8
0.52,20,12,8.1
0.525,20,11.9,8.1
0.53,20,11.9,8.2
0.535,20,11.8,8.3
0.54,20,11.7,8.3
0.545,20,11.7,8.4
0.55,20,11.6,8.5
0.555,20,11.5,8.5
0.56,20,11.5,8.6
0.565,20,11.4,8.6
0.57,20,11.4,8.7
0.575,20,11.3,8.8
0.58,20,11.2,8.8
0.585,20,11.2,8.9
0.59,20,11.1,8.9
0.595,20,11.1,9
0.6,20,11,9
0.605,20,11,9.1
0.61,20,10.9,9.2
0.615,20,10.8,9.2
0.62,20,10.8,9.3
0.625,20,10.7,9.3
0.63,20,10.7,9.4
0.635,20,10.6,9.4
0.64,20,10.6,9.5
0.645,20,10.5,9.5
0.65,20,10.5,9.6
0.655,20,10.4,9.7
0.66,20,10.3,9.7
0.665,20,10.3,9.8
0.67,20,10.2,9.8
0.675,20,10.2,9.9
0.68,20,10.1,9.9
0.685,20,10.1,10
0.69,20,10,10
0.695,20,10,10.1
0.7,20,9.9,10.1
0.705,20,9.9,10.2
0.71,20,9.8,10.2
0.715,20,9.8,10.3
0.72,20,9.7,10.3
0.725,20,9.7,10.4
0.73,20,9.6,10.4
0.735,20,9.6,10.5
0.74,20,9.5,10.5
0.745,20,9.5,10.6
0.75,20,9.4,10.6
0.755,20,9.4,10.6
0.76,20,9.4,10.7
0.765,20,9.3,10.7
0.77,20,9.3,10.8
0.775,20,9.2,10.8
0.78,20,9.2,10.9
0.785,20,9.1,10.9
0.79,20,9.1,11
0.795,20,9,11
0.8,20,9,11
0.805,20,9,11.1
0.81,20,8.9,11.1
0.815,20,8.9,11.2
0.82,20,8.8,11.2
0.825,20,8.8,11.3
0.83,20,8.7,11.3
0.835,20,8.7,11.3
0.84,20,8.7,11.4
0.845,20,8.6,11.4
0.85,20,8.6,11.5
0.855,20,8.5,11.5
0.86,20,8.5,11.5
0.865,20,8.5,11.6
0.87,20,8.4,11.6
0.875,20,8.4,11.7
0.88,20,8.3,11.7
0.885,20,8.3,11.7
0.89,20,8.3,11.8
0.895,20,8.2,11.8
0.9,20,8.2,11.8
0.905,20,8.2,11.9
0.91,20,8.1,11.9
0.915,20,8.1,12
0.92,20,8,12
0.925,20,8,12
0.93,20,8,12.1
0.935,20,7.9,12.1
0.94,20,7.9,12.1
0.945,20,7.9,12.2
0.95,20,7.8,12.2
0.955,20,7.8,12.2
0.96,20,7.8,12.3
0.965,20,7.7,12.3
0.97,20,7.7,12.3
0.975,20,7.7,12.4
0.98,20,7.6,12.4
0.985,20,7.6,12.4
0.99,20,7.6,12.5
0.995,20,7.5,12.5
1,20,7.5,12.5
1.005,20,7.5,12.6
1.01,20,7.4,12.6
1.015,20,7.4,12.6
1.02,20,7.4,12.7
1.025,20,7.3,12.7
1.03,20,7.3,12.7
1.035,20,7.3,12.8
1.04,20,7.2,12.8
1.045,20,7.2,12.8
1.05,20,7.2,12.8
1.055,20,7.2,12.9
1.06,20,7.1,12.9
1.065,20,7.1,12.9
1.07,20,7.1,13
1.075,20,7,13
1.08,20,7,13
1.085,20,7,13.1
1.09,20,6.9,13.1
1.095,20,6.9,13.1
1.1,20,6.9,13.1
1.105,20,6.9,13.2
1.11,20,6.8,13.2
1.115,20,6.8,13.2
1.12,20,6.8,13.2
1.125,20,6.8,13.3
1.13,20,6.7,13.3
1.135,20,6.7,13.3
1.14,20,6.7,13.4
1.145,20,6.6,13.4
1.15,20,6.6,13.4
1.155,20,6.6,13.4
1.16,20,6.6,13.5
1.165,20,6.5,13.5
1.17,20,6.5,13.5
1.175,20,6.5,13.5
1.18,20,6.5,13.6
1.185,20,6.4,13.6
1.19,20,6.4,13.6
1.195,20,6.4,13.6
1.2,20,6.4,13.7
1.205,20,6.3,13.7
1.21,20,6.3,13.7
1.215,20,6.3,13.7
1.22,20,6.3,13.8
1.225,20,6.2,13.8
1.23,20,6.2,13.8
1.235,20,6.2,13.8
1.24,20,6.2,13.8
1.245,20,6.2,13.9
1.25,20,6.1,13.9
1.255,20,6.1,13.9
1.26,20,6.1,13.9
1.265,20,6.1,14
1.27,20,6,14
1.275,20,6,14
1.28,20,6,14
1.285,20,6,14
1.29,20,6,14.1
1.295,20,5.9,14.1
1.3,20,5.9,14.1
1.305,20,5.9,14.1
1.31,20,5.9,14.1
1.315,20,5.9,14.2
1.32,20,5.8,14.2
1.325,20,5.8,14.2
1.33,20,5.8,14.2
1.335,20,5.8,14.3
1.34,20,5.7,14.3
1.345,20,5.7,14.3
1.35,20,5.7,14.3
1.355,20,5.7,14.3
1.36,20,5.7,14.3
1.365,20,5.7,14.4
1.37,20,5.6,14.4
1.375,20,5.6,14.4
1.38,20,5.6,14.4
1.385,20,5.6,14.4
1.39,20,5.6,14.5
1.395,20,5.5,14.5
1.4,20,5.5,14.5
1.405,20,5.5,14.5
1.41,20,5.5,14.5
1.415,20,5.5,14.6
1.42,20,5.4,14.6
1.425,20,5.4,14.6
1.43,20,5.4,14.6
1.435,20,5.4,14.6
1.44,20,5.4,14.6
1.445,20,5.4,14.7
1.45,20,5.3,14.7
1.455,20,5.3,14.7
1.46,20,5.3,14.7
1.465,20,5.3,14.7
1.47,20,5.3,14.7
1.475,20,5.3,14.8
1.48,20,5.2,14.8
1.485,20,5.2,14.8
1.49,20,5.2,14.8
1.495,20,5.2,14.8
1.5,20,5.2,14.8
1.505,20,5.2,14.8
1.51,20,5.2,14.9
1.515,20,5.1,14.9
1.52,20,5.1,14.9
1.525,20,5.1,14.9
1.53,20,5.1,14.9
1.535,20,5.1,14.9
1.54,20,5.1,15
1.545,20,5,15
1.55,20,5,15
1.555,20,5,15
1.56,20,5,15
1.565,20,5,15
1.57,20,5,15
1.575,20,5,15.1
1.58,20,4.9,15.1
1.585,20,4.9,15.1
1.59,20,4.9,15.1
1.595,20,4.9,15.1
1.6,20,4.9,15.1
1.605,20,4.9,15.1
1.61,20,4.9,15.2
1.615,20,4.8,15.2
1.62,20,4.8,15.2
1.625,20,4.8,15.2
1.63,20,4.8,15.2
1.635,20,4.8,15.2
1.64,20,4.8,15.2
1.645,20,4.8,15.2
1.65,20,4.8,15.3
1.655,20,4.7,15.3
1.66,20,4.7,15.3
1.665,20,4.7,15.3
1.67,20,4.7,15.3
1.675,20,4.7,15.3
1.68,20,4.7,15.3
1.685,20,4.7,15.3
1.69,20,4.7,15.4
1.695,20,4.6,15.4
1.7,20,4.6,15.4
1.705,20,4.6,15.4
1.71,20,4.6,15.4
1.715,20,4.6,15.4
1.72,20,4.6,15.4
1.725,20,4.6,15.4
1.73,20,4.6,15.4
1.735,20,4.6,15.5
1.74,20,4.5,15.5
1.745,20,4.5,15.5
1.75,20,4.5,15.5
1.755,20,4.5,15.5
1.76,20,4.5,15.5
1.765,20,4.5,15.5
1.77,20,4.5,15.5
1.775,20,4.5,15.5
1.78,20,4.5,15.6
1.785,20,4.4,15.6
1.79,20,4.4,15.6
1.795,20,4.4,15.6
1.8,20,4.4,15.6
1.805,20,4.4,15.6
1.81,20,4.4,15.6
1.815,20,4.4,15.6
1.82,20,4.4,15.6
1.825,20,4.4,15.6
1.83,20,4.4,15.7
1.835,20,4.3,15.7
1.84,20,4.3,15.7
1.845,20,4.3,15.7
1.85,20,4.3,15.7
1.855,20,4.3,15.7
1.86,20,4.3,15.7
1.865,20,4.3,15.7
1.87,20,4.3,15.7
1.875,20,4.3,15.7
1.88,20,4.3,15.7
1.885,20,4.3,15.8
1.89,20,4.2,15.8
1.895,20,4.2,15.8
1.9,20,4.2,15.8
1.905,20,4.2,15.8
1.91,20,4.2,15.8
1.915,20,4.2,15.8
1.92,20,4.2,15.8
1.925,20,4.2,15.8
1.93,20,4.2,15.8
1.935,20,4.2,15.8
1.94,20,4.2,15.9
1.945,20,4.1,15.9
1.95,20,4.1,15.9
1.955,20,4.1,15.9
1.96,20,4.1,15.9
1.965,20,4.1,15.9
1.97,20,4.1,15.9
1.975,20,4.1,15.9
1.98,20,4.1,15.9
1.985,20,4.1,15.9
1.99,20,4.1,15.9
1.995,20,4.1,15.9
2,20,4.1,15.9
2.005,20,4.1,16
2.01,20,4,16
2.015,20,4,16
2.02,20,4,16
2.025,20,4,16
2.03,20,4,16
2.035,20,4,16
2.04,20,4,16
2.045,20,4,16
2.05,20,4,16
2.055,20,4,16
2.06,20,4,16
2.065,20,4,16
2.07,20,4,16
2.075,20,4,16.1
2.08,20,3.9,16.1
2.085,20,3.9,16.1
2.09,20,3.9,16.1
2.095,20,3.9,16.1
2.1,20,3.9,16.1
2.105,20,3.9,16.1
2.11,20,3.9,16.1
2.115,20,3.9,16.1
2.12,20,3.9,16.1
2.125,20,3.9,16.1
2.13,20,3.9,16.1
2.135,20,3.9,16.1
2.14,20,3.9,16.1
2.145,20,3.9,16.1
2.15,20,3.9,16.2
2.155,20,3.8,16.2
2.16,20,3.8,16.2
2.165,20,3.8,16.2
2.17,20,3.8,16.2
2.175,20,3.8,16.2
2.18,20,3.8,16.2
2.185,20,3.8,16.2
2.19,20,3.8,16.2
2.195,20,3.8,16.2
2.2,20,3.8,16.2
2.205,20,3.8,16.2
2.21,20,3.8,16.2
2.215,20,3.8,16.2
2.22,20,3.8,16.2
2.225,20,3.8,16.2
2.23,20,3.8,16.2
2.235,20,3.8,16.3
2.24,20,3.7,16.3
2.245,20,3.7,16.3
2.25,20,3.7,16.3
2.255,20,3.7,16.3
2.26,20,3.7,16.3
2.265,20,3.7,16.3
2.27,20,3.7,16.3
2.275,20,3.7,16.3
2.28,20,3.7,16.3
2.285,20,3.7,16.3
2.29,20,3.7,16.3
2.295,20,3.7,16.3
2.3,20,3.7,16.3
2.305,20,3.7,16.3
2.31,20,3.7,16.3
2.315,20,3.7,16.3
2.32,20,3.7,16.3
2.325,20,3.7,16.3
2.33,20,3.7,16.3
2.335,20,3.7,16.4
2.34,20,3.6,16.4
2.345,20,3.6,16.4
2.35,20,3.6,16.4
2.355,20,3.6,16.4
2.36,20,3.6,16.4
2.365,20,3.6,16.4
2.37,20,3.6,16.4
2.375,20,3.6,16.4
2.38,20,3.6,16.4
2.385,20,3.6,16.4
2.39,20,3.6,16.4
2.395,20,3.6,16.4
2.4,20,3.6,16.4
2.405,20,3.6,16.4
2.41,20,3.6,16.4
2.415,20,3.6,16.4
2.42,20,3.6,16.4
2.425,20,3.6,16.4
2.43,20,3.6,16.4
2.435,20,3.6,16.4
2.44,20,3.6,16.4
2.445,20,3.6,16.4
2.45,20,3.6,16.5
2.455,20,3.5,16.5
2.46,20,3.5,16.5
2.465,20,3.5,16.5
2.47,20,3.5,16.5
2.475,20,3.5,16.5
2.48,20,3.5,16.5
2.485,20,3.5,16.5
2.49,20,3.5,16.5
2.495,20,3.5,16.5
2.5,20,3.5,16.5
2.505,20,3.5,16.5
2.51,20,3.5,16.5
2.515,20,3.5,16.5
2.52,20,3.5,16.5
2.525,20,3.5,16.5
2.53,20,3.5,16.5
2.535,20,3.5,16.5
2.54,20,3.5,16.5
2.545,20,3.5,16.5
2.55,20,3.5,16.5
2.555,20,3.5,16.5
2.56,20,3.5,16.5
2.565,20,3.5,16.5
2.57,20,3.5,16.5
2.575,20,3.5,16.5
2.58,20,3.5,16.5
2.585,20,3.5,16.5
2.59,20,3.5,16.6
2.595,20,3.4,16.6
2.6,20,3.4,16.6
2.605,20,3.4,16.6
2.61,20,3.4,16.6
2.615,20,3.4,16.6
2.62,20,3.4,16.6
2.625,20,3.4,16.6
2.63,20,3.4,16.6
2.635,20,3.4,16.6
2.64,20,3.4,16.6
2.645,20,3.4,16.6
2.65,20,3.4,16.6
2.655,20,3.4,16.6
2.66,20,3.4,16.6
2.665,20,3.4,16.6
2.67,20,3.4,16.6
2.675,20,3.4,16.6
2.68,20,3.4,16.6
2.685,20,3.4,16.6
2.69,20,3.4,16.6
2.695,20,3.4,16.6
2.7,20,3.4,16.6
2.705,20,3.4,16.6
2.71,20,3.4,16.6
2.715,20,3.4,16.6
2.72,20,3.4,16.6
2.725,20,3.4,16.6
2.73,20,3.4,16.6
2.735,20,3.4,16.6
2.74,20,3.4,16.6
2.745,20,3.4,16.6
2.75,20,3.4,16.6
2.755,20,3.4,16.6
2.76,20,3.4,16.6
2.765,20,3.4,16.7
2.77,20,3.3,16.7
2.775,20,3.3,16.7
2.78,20,3.3,16.7
2.785,20,3.3,16.7
2.79,20,3.3,16.7
2.795,20,3.3,16.7
2.8,20,3.3,16.7
2.805,20,3.3,16.7
2.81,20,3.3,16.7
2.815,20,3.3,16.7
2.82,20,3.3,16.7
2.825,20,3.3,16.7
2.83,20,3.3,16.7
2.835,20,3.3,16.7
2.84,20,3.3,16.7
2.845,20,3.3,16.7
2.85,20,3.3,16.7
2.855,20,3.3,16.7
2.86,20,3.3,16.7
2.865,20,3.3,16.7
2.87,20,3.3,16.7
2.875,20,3.3,16.7
2.88,20,3.3,16.7
2.885,20,3.3,16.7
2.89,20,3.3,16.7
2.895,20,3.3,16.7
2.9,20,3.3,16.7
2.905,20,3.3,16.7
2.91,20,3.3,16.7
2.915,20,3.3,16.7
2.92,20,3.3,16.7
2.925,20,3.3,16.7
2.93,20,3.3,16.7
2.935,20,3.3,16.7
2.94,20,3.3,16.7
2.945,20,3.3,16.7
2.95,20,3.3,16.7
2.955,20,3.3,16.7
2.96,20,3.3,16.7
2.965,20,3.3,16.7
2.97,20,3.3,16.7
2.975,20,3.3,16.7
2.98,20,3.3,16.7
2.985,20,3.3,16.7
2.99,20,3.3,16.7
2.995,20,3.3,16.8
3,20,3.2,16.8
3.005,20,3.2,16.8
3.01,20,3.2,16.8
3.015,20,3.2,16.8
3.02,20,3.2,16.8
3.025,20,3.2,16.8
3.03,20,3.2,16.8
3.035,20,3.2,16.8
3.04,20,3.2,16.8
3.045,20,3.2,16.8
3.05,20,3.2,16.8
3.055,20,3.2,16.8
3.06,20,3.2,16.8
3.065,20,3.2,16.8
3.07,20,3.2,16.8
3.075,20,3.2,16.8
3.08,20,3.2,16.8
3.085,20,3.2,16.8
3.09,20,3.2,16.8
3.095,20,3.2,16.8
3.1,20,3.2,16.8
3.105,20,3.2,16.8
3.11,20,3.2,16.8
3.115,20,3.2,16.8
3.12,20,3.2,16.8
3.125,20,3.2,16.8
3.13,20,3.2,16.8
3.135,20,3.2,16.8
3.14,20,3.2,16.8
3.145,20,3.2,16.8
3.15,20,3.2,16.8
3.155,20,3.2,16.8
3.16,20,3.2,16.8
3.165,20,3.2,16.8
3.17,20,3.2,16.8
3.175,20,3.2,16.8
3.18,20,3.2,16.8
3.185,20,3.2,16.8
3.19,20,3.2,16.8
3.195,20,3.2,16.8
3.2,20,3.2,16.8
3.205,20,3.2,16.8
3.21,20,3.2,16.8
3.215,20,3.2,16.8
3.22,20,3.2,16.8
3.225,20,3.2,16.8
3.23,20,3.2,16.8
3.235,20,3.2,16.8
3.24,20,3.2,16.8
3.245,20,3.2,16.8
3.25,20,3.2,16.8
3.255,20,3.2,16.8
3.26,20,3.2,16.8
3.265,20,3.2,16.8
3.27,20,3.2,16.8
3.275,20,3.2,16.8
3.28,20,3.2,16.8
3.285,20,3.2,16.8
3.29,20,3.2,16.8
3.295,20,3.2,16.8
3.3,20,3.2,16.8
3.305,20,3.2,16.8
3.31,20,3.2,16.8
3.315,20,3.2,16.8
3.32,20,3.2,16.8
3.325,20,3.2,16.8
3.33,20,3.2,16.8
3.335,20,3.2,16.8
3.34,20,3.2,16.9
3.345,20,3.1,16.9
3.35,20,3.1,16.9
3.355,20,3.1,16.9
3.36,20,3.1,16.9
3.365,20,3.1,16.9
3.37,20,3.1,16.9
3.375,20,3.1,16.9
3.38,20,3.1,16.9
3.385,20,3.1,16.9
3.39,20,3.1,16.9
3.395,20,3.1,16.9
3.4,20,3.1,16.9
3.405,20,3.1,16.9
3.41,20,3.1,16.9
3.415,20,3.1,16.9
3.42,20,3.1,16.9
3.425,20,3.1,16.9
3.43,20,3.1,16.9
3.435,20,3.1,16.9
3.44,20,3.1,16.9
3.445,20,3.1,16.9
3.45,20,3.1,16.9
3.455,20,3.1,16.9
3.46,20,3.1,16.9
3.465,20,3.1,16.9
3.47,20,3.1,16.9
3.475,20,3.1,16.9
3.48,20,3.1,16.9
3.485,20,3.1,16.9
3.49,20,3.1,16.9
3.495,20,3.1,16.9
3.5,20,3.1,16.9
3.505,20,3.1,16.9
3.51,20,3.1,16.9
3.515,20,3.1,16.9
3.52,20,3.1,16.9
3.525,20,3.1,16.9
3.53,20,3.1,16.9
3.535,20,3.1,16.9
3.54,20,3.1,16.9
3.545,20,3.1,16.9
3.55,20,3.1,16.9
3.555,20,3.1,16.9
3.56,20,3.1,16.9
3.565,20,3.1,16.9
3.57,20,3.1,16.9
3.575,20,3.1,16.9
3.58,20,3.1,16.9
3.585,20,3.1,16.9
3.59,20,3.1,16.9
3.595,20,3.1,16.9
3.6,20,3.1,16.9
3.605,20,3.1,16.9
3.61,20,3.1,16.9
3.615,20,3.1,16.9
3.62,20,3.1,16.9
3.625,20,3.1,16.9
3.63,20,3.1,16.9
3.635,20,3.1,16.9
3.64,20,3.1,16.9
3.645,20,3.1,16.9
3.65,20,3.1,16.9
3.655,20,3.1,16.9
3.66,20,3.1,16.9
3.665,20,3.1,16.9
3.67,20,3.1,16.9
3.675,20,3.1,16.9
3.68,20,3.1,16.9
3.685,20,3.1,16.9
3.69,20,3.1,16.9
3.695,20,3.1,16.9
3.7,20,3.1,16.9
3.705,20,3.1,16.9
3.71,20,3.1,16.9
3.715,20,3.1,16.9
3.72,20,3.1,16.9
3.725,20,3.1,16.9
3.73,20,3.1,16.9
3.735,20,3.1,16.9
3.74,20,3.1,16.9
3.745,20,3.1,16.9
3.75,20,3.1,16.9
3.755,20,3.1,16.9
3.76,20,3.1,16.9
3.765,20,3.1,16.9
3.77,20,3.1,16.9
3.775,20,3.1,16.9
3.78,20,3.1,16.9
3.785,20,3.1,16.9
3.79,20,3.1,16.9
3.795,20,3.1,16.9
3.8,20,3.1,16.9
3.805,20,3.1,16.9
3.81,20,3.1,16.9
3.815,20,3.1,16.9
3.82,20,3.1,16.9
3.825,20,3.1,16.9
3.83,20,3.1,16.9
3.835,20,3.1,16.9
3.84,20,3.1,16.9
3.845,20,3.1,16.9
3.85,20,3.1,16.9
3.855,20,3.1,16.9
3.86,20,3.1,16.9
3.865,20,3.1,16.9
3.87,20,3.1,16.9
3.875,20,3.1,16.9
3.88,20,3.1,16.9
3.885,20,3.1,16.9
3.89,20,3.1,16.9
3.895,20,3.1,16.9
3.9,20,3.1,16.9
3.905,20,3.1,16.9
3.91,20,3.1,16.9
3.915,20,3.1,16.9
3.92,20,3.1,16.9
3.925,20,3.1,16.9
3.93,20,3.1,16.9
3.935,20,3.1,16.9
3.94,20,3.1,16.9
3.945,20,3.1,16.9
3.95,20,3.1,16.9
3.955,20,3.1,16.9
3.96,20,3.1,16.9
3.965,20,3.1,16.9
3.97,20,3.1,16.9
3.975,20,3.1,16.9
3.98,20,3.1,16.9
3.985,20,3.1,16.9
3.99,20,3.1,16.9
3.995,20,3.1,16.9
4,20,3.1,16.9
4.005,20,3.1,16.9
4.01,20,3.1,16.9
4.015,20,3.1,16.9
4.02,20,3.1,16.9
4.025,20,3.1,16.9
4.03,20,3.1,16.9
4.035,20,3.1,16.9
4.04,20,3.1,16.9
4.045,20,3.1,17
4.05,20,3,17
4.055,20,3,17
4.06,20,3,17
4.065,20,3,17
4.07,20,3,17
4.075,20,3,17
4.08,20,3,17
4.085,20,3,17
4.09,20,3,17
4.095,20,3,17
4.1,20,3,17
4.105,20,3,17
4.11,20,3,17.1
4.115,20,2.9,17.1
4.12,20,2.9,17.1
4.125,20,2.9,17.1
4.13,20,2.9,17.1
4.135,20,2.9,17.1
4.14,20,2.9,17.1
4.145,20,2.9,17.1
4.15,20,2.9,17.2
4.155,20,2.8,17.2
4.16,20,2.8,17.2
4.165,20,2.8,17.2
4.17,20,2.8,17.2
4.175,20,2.8,17.2
4.18,20,2.8,17.3
4.185,20,2.7,17.3
4.19,20,2.7,17.3
4.195,20,2.7,17.3
4.2,20,2.7,17.3
4.205,20,2.7,17.3
4.21,20,2.7,17.4
4.215,20,2.6,17.4
4.22,20,2.6,17.4
4.225,20,2.6,17.4
4.23,20,2.6,17.4
4.235,20,2.6,17.4
4.24,20,2.6,17.5
4.245,20,2.5,17.5
4.25,20,2.5,17.5
4.255,20,2.5,17.5
4.26,20,2.5,17.5
4.265,20,2.5,17.5
4.27,20,2.5,17.6
4.275,20,2.4,17.6
4.28,20,2.4,17.6
4.285,20,2.4,17.6
4.29,20,2.4,17.6
4.295,20,2.4,17.6
4.3,20,2.4,17.7
4.305,20,2.3,17.7
4.31,20,2.3,17.7
4.315,20,2.3,17.7
4.32,20,2.3,17.7
4.325,20,2.3,17.7
4.33,20,2.3,17.7
4.335,20,2.3,17.8
4.34,20,2.2,17.8
4.345,20,2.2,17.8
4.35,20,2.2,17.8
4.355,20,2.2,17.8
4.36,20,2.2,17.8
4.365,20,2.2,17.9
4.37,20,2.1,17.9
4.375,20,2.1,17.9
4.38,20,2.1,17.9
4.385,20,2.1,17.9
4.39,20,2.1,17.9
4.395,20,2.1,17.9
4.4,20,2.1,18
4.405,20,2,18
4.41,20,2,18
4.415,20,2,18
4.42,20,2,18
4.425,20,2,18
4.43,20,2,18
4.435,20,2,18.1
4.44,20,1.9,18.1
4.445,20,1.9,18.1
4.45,20,1.9,18.1
4.455,20,1.9,18.1
4.46,20,1.9,18.1
4.465,20,1.9,18.1
4.47,20,1.9,18.2
4.475,20,1.8,18.2
4.48,20,1.8,18.2
4.485,20,1.8,18.2
4.49,20,1.8,18.2
4.495,20,1.8,18.2
4.5,20,1.8,18.2
4.505,20,1.8,18.2
4.51,20,1.8,18.3
4.515,20,1.7,18.3
4.52,20,1.7,18.3
4.525,20,1.7,18.3
4.53,20,1.7,18.3
4.535,20,1.7,18.3
4.54,20,1.7,18.3
4.545,20,1.7,18.3
4.55,20,1.7,18.4
4.555,20,1.6,18.4
4.56,20,1.6,18.4
4.565,20,1.6,18.4
4.57,20,1.6,18.4
4.575,20,1.6,18.4
4.58,20,1.6,18.4
4.585,20,1.6,18.4
4.59,20,1.6,18.4
4.595,20,1.6,18.5
4.6,20,1.5,18.5
4.605,20,1.5,18.5
4.61,20,1.5,18.5
4.615,20,1.5,18.5
4.62,20,1.5,18.5
4.625,20,1.5,18.5
4.63,20,1.5,18.5
4.635,20,1.5,18.5
4.64,20,1.5,18.6
4.645,20,1.4,18.6
4.65,20,1.4,18.6
4.655,20,1.4,18.6
4.66,20,1.4,18.6
4.665,20,1.4,18.6
4.67,20,1.4,18.6
4.675,20,1.4,18.6
4.68,20,1.4,18.6
4.685,20,1.4,18.6
4.69,20,1.4,18.7
4.695,20,1.3,18.7
4.7,20,1.3,18.7
4.705,20,1.3,18.7
4.71,20,1.3,18.7
4.715,20,1.3,18.7
4.72,20,1.3,18.7
4.725,20,1.3,18.7
4.73,20,1.3,18.7
4.735,20,1.3,18.7
4.74,20,1.3,18.8
4.745,20,1.2,18.8
4.75,20,1.2,18.8
4.755,20,1.2,18.8
4.76,20,1.2,18.8
4.765,20,1.2,18.8
4.77,20,1.2,18.8
4.775,20,1.2,18.8
4.78,20,1.2,18.8
4.785,20,1.2,18.8
4.79,20,1.2,18.8
4.795,20,1.2,18.8
4.8,20,1.2,18.9
4.805,20,1.1,18.9
4.81,20,1.1,18.9
4.815,20,1.1,18.9
4.82,20,1.1,18.9
4.825,20,1.1,18.9
4.83,20,1.1,18.9
4.835,20,1.1,18.9
4.84,20,1.1,18.9
4.845,20,1.1,18.9
4.85,20,1.1,18.9
4.855,20,1.1,18.9
4.86,20,1.1,18.9
4.865,20,1.1,19
4.87,20,1,19
4.875,20,1,19
4.88,20,1,19
4.885,20,1,19
4.89,20,1,19
4.895,20,1,19
4.9,20,1,19
4.905,20,1,19
4.91,20,1,19
4.915,20,1,19
4.92,20,1,19
4.925,20,1,19
4.93,20,1,19.1
4.935,20,0.9,19.1
4.94,20,0.9,19.1
4.945,20,0.9,19.1
4.95,20,0.9,19.1
4.955,20,0.9,19.1
4.96,20,0.9,19.1
4.965,20,0.9,19.1
4.97,20,0.9,19.1
4.975,20,0.9,19.1
4.98,20,0.9,19.1
4.985,20,0.9,19.1
4.99,20,0.9,19.1
4.995,20,0.9,19.1
5,20,0.9,19.1
5.005,20,0.9,19.1
5.01,20,0.9,19.2
5.015,20,0.8,19.2
5.02,20,0.8,19.2
5.025,20,0.8,19.2
5.03,20,0.8,19.2
5.035,20,0.8,19.2
5.04,20,0.8,19.2
5.045,20,0.8,19.2
5.05,20,0.8,19.2
5.055,20,0.8,19.2
5.06,20,0.8,19.2
5.065,20,0.8,19.2
5.07,20,0.8,19.2
5.075,20,0.8,19.2
5.08,20,0.8,19.2
5.085,20,0.8,19.2
5.09,20,0.8,19.2
5.095,20,0.8,19.3
5.1,20,0.7,19.3
5.105,20,0.7,19.3
5.11,20,0.7,19.3
5.115,20,0.7,19.3
5.12,20,0.7,19.3
5.125,20,0.7,19.3
5.13,20,0.7,19.3
5.135,20,0.7,19.3
5.14,20,0.7,19.3
5.145,20,0.7,19.3
5.15,20,0.7,19.3
5.155,20,0.7,19.3
5.16,20,0.7,19.3
5.165,20,0.7,19.3
5.17,20,0.7,19.3
5.175,20,0.7,19.3
5.18,20,0.7,19.3
5.185,20,0.7,19.3
5.19,20,0.7,19.3
5.195,20,0.7,19.4
5.2,20,0.6,19.4
5.205,20,0.6,19.4
5.21,20,0.6,19.4
5.215,20,0.6,19.4
5.22,20,0.6,19.4
5.225,20,0.6,19.4
5.23,20,0.6,19.4
5.235,20,0.6,19.4
5.24,20,0.6,19.4
5.245,20,0.6,19.4
5.25,20,0.6,19.4
5.255,20,0.6,19.4
5.26,20,0.6,19.4
5.265,20,0.6,19.4
5.27,20,0.6,19.4
5.275,20,0.6,19.4
5.28,20,0.6,19.4
5.285,20,0.6,19.4
5.29,20,0.6,19.4
5.295,20,0.6,19.4
5.3,20,0.6,19.4
5.305,20,0.6,19.4
5.31,20,0.6,19.5
5.315,20,0.5,19.5
5.32,20,0.5,19.5
5.325,20,0.5,19.5
5.33,20,0.5,19.5
5.335,20,0.5,19.5
5.34,20,0.5,19.5
5.345,20,0.5,19.5
5.35,20,0.5,19.5
5.355,20,0.5,19.5
5.36,20,0.5,19.5
5.365,20,0.5,19.5
5.37,20,0.5,19.5
5.375,20,0.5,19.5
5.38,20,0.5,19.5
5.385,20,0.5,19.5
5.39,20,0.5,19.5
5.395,20,0.5,19.5
5.4,20,0.5,19.5
5.405,20,0.5,19.5
5.41,20,0.5,19.5
5.415,20,0.5,19.5
5.42,20,0.5,19.5
5.425,20,0.5,19.5
5.43,20,0.5,19.5
5.435,20,0.5,19.5
5.44,20,0.5,19.5
5.445,20,0.5,19.5
5.45,20,0.5,19.6
5.455,20,0.4,19.6
5.46,20,0.4,19.6
5.465,20,0.4,19.6
5.47,20,0.4,19.6
5.475,20,0.4,19.6
5.48,20,0.4,19.6
5.485,20,0.4,19.6
5.49,20,0.4,19.6
5.495,20,0.4,19.6
5.5,20,0.4,19.6
5.505,20,0.4,19.6
5.51,20,0.4,19.6
5.515,20,0.4,19.6
5.52,20,0.4,19.6
5.525,20,0.4,19.6
5.53,20,0.4,19.6
5.535,20,0.4,19.6
5.54,20,0.4,19.6
5.545,20,0.4,19.6
5.55,20,0.4,19.6
5.555,20,0.4,19.6
5.56,20,0.4,19.6
5.565,20,0.4,19.6
5.57,20,0.4,19.6
5.575,20,0.4,19.6
5.58,20,0.4,19.6
5.585,20,0.4,19.6
5.59,20,0.4,19.6
5.595,20,0.4,19.6
5.6,20,0.4,19.6
5.605,20,0.4,19.6
5.61,20,0.4,19.6
5.615,20,0.4,19.6
5.62,20,0.4,19.7
5.625,20,0.3,19.7
5.63,20,0.3,19.7
5.635,20,0.3,19.7
5.64,20,0.3,19.7
5.645,20,0.3,19.7
5.65,20,0.3,19.7
5.655,20,0.3,19.7
5.66,20,0.3,19.7
5.665,20,0.3,19.7
5.67,20,0.3,19.7
5.675,20,0.3,19.7
5.68,20,0.3,19.7
5.685,20,0.3,19.7
5.69,20,0.3,19.7
5.695,20,0.3,19.7
5.7,20,0.3,19.7
5.705,20,0.3,19.7
5.71,20,0.3,19.7
5.715,20,0.3,19.7
5.72,20,0.3,19.7
5.725,20,0.3,19.7
5.73,20,0.3,19.7
5.735,20,0.3,19.7
5.74,20,0.3,19.7
5.745,20,0.3,19.7
5.75,20,0.3,19.7
5.755,20,0.3,19.7
5.76,20,0.3,19.7
5.765,20,0.3,19.7
5.77,20,0.3,19.7
5.775,20,0.3,19.7
5.78,20,0.3,19.7
5.785,20,0.3,19.7
5.79,20,0.3,19.7
5.795,20,0.3,19.7
5.8,20,0.3,19.7
5.805,20,0.3,19.7
5.81,20,0.3,19.7
5.815,20,0.3,19.7
5.82,20,0.3,19.7
5.825,20,0.3,19.7
5.83,20,0.3,19.7
5.835,20,0.3,19.7
5.84,20,0.3,19.7
5.845,20,0.3,19.7
5.85,20,0.3,19.7
5.855,20,0.3,19.8
5.86,20,0.2,19.8
5.865,20,0.2,19.8
5.87,20,0.2,19.8
5.875,20,0.2,19.8
5.88,20,0.2,19.8
5.885,20,0.2,19.8
5.89,20,0.2,19.8
5.895,20,0.2,19.8
5.9,20,0.2,19.8
5.905,20,0.2,19.8
5.91,20,0.2,19.8
5.915,20,0.2,19.8
5.92,20,0.2,19.8
5.925,20,0.2,19.8
5.93,20,0.2,19.8
5.935,20,0.2,19.8
5.94,20,0.2,19.8
5.945,20,0.2,19.8
5.95,20,0.2,19.8
5.955,20,0.2,19.8
5.96,20,0.2,19.8
5.965,20,0.2,19.8
5.97,20,0.2,19.8
5.975,20,0.2,19.8
5.98,20,0.2,19.8
5.985,20,0.2,19.8
5.99,20,0.2,19.8
5.995,20,0.2,19.8
6,12,-7.8,19.8
6.005,12,-7.8,19.8
6.01,12,-7.8,19.8
6.015,12,-7.8,19.8
6.02,12,-7.8,19.8
6.025,12,-7.8,19.8
6.03,12,-7.8,19.7
6.035,12,-7.7,19.7
6.04,12,-7.7,19.7
6.045,12,-7.7,19.7
6.05,12,-7.7,19.7
6.055,12,-7.7,19.7
6.06,12,-7.7,19.7
6.065,12,-7.7,19.6
6.07,12,-7.6,19.6
6.075,12,-7.6,19.6
6.08,12,-7.6,19.6
6.085,12,-7.6,19.6
6.09,12,-7.6,19.5
6.095,12,-7.5,19.5
6.1,12,-7.5,19.5
6.105,12,-7.5,19.5
6.11,12,-7.5,19.4
6.115,12,-7.4,19.4
6.12,12,-7.4,19.4
6.125,12,-7.4,19.4
6.13,12,-7.4,19.3
6.135,12,-7.3,19.3
6.14,12,-7.3,19.3
6.145,12,-7.3,19.3
6.15,12,-7.3,19.2
6.155,12,-7.2,19.2
6.16,12,-7.2,19.2
6.165,12,-7.2,19.2
6.17,12,-7.2,19.1
6.175,12,-7.1,19.1
6.18,12,-7.1,19.1
6.185,12,-7.1,19.1
6.19,12,-7.1,19
6.195,12,-7,19
6.2,12,-7,19
6.205,12,-7,18.9
6.21,12,-6.9,18.9
6.215,12,-6.9,18.9
6.22,12,-6.9,18.9
6.225,12,-6.9,18.8
6.23,12,-6.8,18.8
6.235,12,-6.8,18.8
6.24,12,-6.8,18.8
6.245,12,-6.8,18.7
6.25,12,-6.7,18.7
6.255,12,-6.7,18.7
6.26,12,-6.7,18.7
6.265,12,-6.7,18.6
6.27,12,-6.6,18.6
6.275,12,-6.6,18.6
6.28,12,-6.6,18.6
6.285,12,-6.6,18.5
6.29,12,-6.5,18.5
6.295,12,-6.5,18.5
6.3,12,-6.5,18.5
6.305,12,-6.5,18.4
6.31,12,-6.4,18.4
6.315,12,-6.4,18.4
6.32,12,-6.4,18.4
6.325,12,-6.4,18.3
6.33,12,-6.3,18.3
6.335,12,-6.3,18.3
6.34,12,-6.3,18.3
6.345,12,-6.3,18.3
6.35,12,-6.3,18.2
6.355,12,-6.2,18.2
6.36,12,-6.2,18.2
6.365,12,-6.2,18.2
6.37,12,-6.2,18.1
6.375,12,-6.1,18.1
6.38,12,-6.1,18.1
6.385,12,-6.1,18.1
6.39,12,-6.1,18
6.395,12,-6,18
6.4,12,-6,18
6.405,12,-6,18
6.41,12,-6,18
6.415,12,-6,17.9
6.42,12,-5.9,17.9
6.425,12,-5.9,17.9
6.43,12,-5.9,17.9
6.435,12,-5.9,17.9
6.44,12,-5.9,17.8
6.445,12,-5.8,17.8
6.45,12,-5.8,17.8
6.455,12,-5.8,17.8
6.46,12,-5.8,17.8
6.465,12,-5.8,17.7
6.47,12,-5.7,17.7
6.475,12,-5.7,17.7
6.48,12,-5.7,17.7
6.485,12,-5.7,17.7
6.49,12,-5.7,17.6
6.495,12,-5.6,17.6
6.5,12,-5.6,17.6
6.505,12,-5.6,17.6
6.51,12,-5.6,17.6
6.515,12,-5.6,17.5
6.52,12,-5.5,17.5
6.525,12,-5.5,17.5
6.53,12,-5.5,17.5
6.535,12,-5.5,17.5
6.54,12,-5.5,17.5
6.545,12,-5.5,17.4
6.55,12,-5.4,17.4
6.555,12,-5.4,17.4
6.56,12,-5.4,17.4
6.565,12,-5.4,17.4
6.57,12,-5.4,17.4
6.575,12,-5.4,17.3
6.58,12,-5.3,17.3
6.585,12,-5.3,17.3
6.59,12,-5.3,17.3
6.595,12,-5.3,17.3
6.6,12,-5.3,17.3
6.605,12,-5.3,17.2
6.61,12,-5.2,17.2
6.615,12,-5.2,17.2
6.62,12,-5.2,17.2
6.625,12,-5.2,17.2
6.63,12,-5.2,17.2
6.635,12,-5.2,17.1
6.64,12,-5.1,17.1
6.645,12,-5.1,17.1
6.65,12,-5.1,17.1
6.655,12,-5.1,17.1
6.66,12,-5.1,17.1
6.665,12,-5.1,17.1
6.67,12,-5.1,17
6.675,12,-5,17
6.68,12,-5,17
6.685,12,-5,17
6.69,12,-5,17
6.695,12,-5,17
6.7,12,-5,16.9
6.705,12,-4.9,16.9
6.71,12,-4.9,16.9
6.715,12,-4.9,16.9
6.72,12,-4.9,16.9
6.725,12,-4.9,16.9
6.73,12,-4.9,16.9
6.735,12,-4.9,16.9
6.74,12,-4.9,16.8
6.745,12,-4.8,16.8
6.75,12,-4.8,16.8
6.755,12,-4.8,16.8
6.76,12,-4.8,16.8
6.765,12,-4.8,16.8
6.77,12,-4.8,16.8
6.775,12,-4.8,16.7
6.78,12,-4.7,16.7
6.785,12,-4.7,16.7
6.79,12,-4.7,16.7
6.795,12,-4.7,16.7
6.8,12,-4.7,16.7
6.805,12,-4.7,16.7
6.81,12,-4.7,16.7
6.815,12,-4.7,16.7
6.82,12,-4.7,16.6
6.825,12,-4.6,16.6
6.83,12,-4.6,16.6
6.835,12,-4.6,16.6
6.84,12,-4.6,16.6
6.845,12,-4.6,16.6
6.85,12,-4.6,16.6
6.855,12,-4.6,16.6
6.86,12,-4.6,16.5
6.865,12,-4.5,16.5
6.87,12,-4.5,16.5
6.875,12,-4.5,16.5
6.88,12,-4.5,16.5
6.885,12,-4.5,16.5
6.89,12,-4.5,16.5
6.895,12,-4.5,16.5
6.9,12,-4.5,16.5
6.905,12,-4.5,16.4
6.91,12,-4.4,16.4
6.915,12,-4.4,16.4
6.92,12,-4.4,16.4
6.925,12,-4.4,16.4
6.93,12,-4.4,16.4
6.935,12,-4.4,16.4
6.94,12,-4.4,16.4
6.945,12,-4.4,16.4
6.95,12,-4.4,16.4
6.955,12,-4.4,16.3
6.96,12,-4.3,16.3
6.965,12,-4.3,16.3
6.97,12,-4.3,16.3
6.975,12,-4.3,16.3
6.98,12,-4.3,16.3
6.985,12,-4.3,16.3
6.99,12,-4.3,16.3
6.995,12,-4.3,16.3
7,12,-4.3,16.3
7.005,12,-4.3,16.3
7.01,12,-4.3,16.2
7.015,12,-4.2,16.2
7.02,12,-4.2,16.2
7.025,12,-4.2,16.2
7.03,12,-4.2,16.2
7.035,12,-4.2,16.2
7.04,12,-4.2,16.2
7.045,12,-4.2,16.2
7.05,12,-4.2,16.2
7.055,12,-4.2,16.2
7.06,12,-4.2,16.2
7.065,12,-4.2,16.2
7.07,12,-4.2,16.1
7.075,12,-4.1,16.1
7.08,12,-4.1,16.1
7.085,12,-4.1,16.1
7.09,12,-4.1,16.1
7.095,12,-4.1,16.1
7.1,12,-4.1,16.1
7.105,12,-4.1,16.1
7.11,12,-4.1,16.1
7.115,12,-4.1,16.1
7.12,12,-4.1,16.1
7.125,12,-4.1,16.1
7.13,12,-4.1,16
7.135,12,-4,16
7.14,12,-4,16
7.145,12,-4,16
7.15,12,-4,16
7.155,12,-4,16
7.16,12,-4,16
7.165,12,-4,16
7.17,12,-4,16
7.175,12,-4,16
7.18,12,-4,16
7.185,12,-4,16
7.19,12,-4,16
7.195,12,-4,16
7.2,12,-4,15.9
7.205,12,-3.9,15.9
7.21,12,-3.9,15.9
7.215,12,-3.9,15.9
7.22,12,-3.9,15.9
7.225,12,-3.9,15.9
7.23,12,-3.9,15.9
7.235,12,-3.9,15.9
7.24,12,-3.9,15.9
7.245,12,-3.9,15.9
7.25,12,-3.9,15.9
7.255,12,-3.9,15.9
7.26,12,-3.9,15.9
7.265,12,-3.9,15.9
7.27,12,-3.9,15.9
7.275,12,-3.9,15.8
7.28,12,-3.8,15.8
7.285,12,-3.8,15.8
7.29,12,-3.8,15.8
7.295,12,-3.8,15.8
7.3,12,-3.8,15.8
7.305,12,-3.8,15.8
7.31,12,-3.8,15.8
7.315,12,-3.8,15.8
7.32,12,-3.8,15.8
7.325,12,-3.8,15.8
7.33,12,-3.8,15.8
7.335,12,-3.8,15.8
7.34,12,-3.8,15.8
7.345,12,-3.8,15.8
7.35,12,-3.8,15.8
7.355,12,-3.8,15.8
7.36,12,-3.8,15.8
7.365,12,-3.8,15.7
7.37,12,-3.7,15.7
7.375,12,-3.7,15.7
7.38,12,-3.7,15.7
7.385,12,-3.7,15.7
7.39,12,-3.7,15.7
7.395,12,-3.7,15.7
7.4,12,-3.7,15.7
7.405,12,-3.7,15.7
7.41,12,-3.7,15.7
7.415,12,-3.7,15.7
7.42,12,-3.7,15.7
7.425,12,-3.7,15.7
7.43,12,-3.7,15.7
7.435,12,-3.7,15.7
7.44,12,-3.7,15.7
7.445,12,-3.7,15.7
7.45,12,-3.7,15.7
7.455,12,-3.7,15.7
7.46,12,-3.7,15.7
7.465,12,-3.7,15.6
7.47,12,-3.6,15.6
7.475,12,-3.6,15.6
7.48,12,-3.6,15.6
7.485,12,-3.6,15.6
7.49,12,-3.6,15.6
7.495,12,-3.6,15.6
7.5,12,-3.6,15.6
7.505,12,-3.6,15.6
7.51,12,-3.6,15.6
7.515,12,-3.6,15.6
7.52,12,-3.6,15.6
7.525,12,-3.6,15.6
7.53,12,-3.6,15.6
7.535,12,-3.6,15.6
7.54,12,-3.6,15.6
7.545,12,-3.6,15.6
7.55,12,-3.6,15.6
7.555,12,-3.6,15.6
7.56,12,-3.6,15.6
7.565,12,-3.6,15.6
7.57,12,-3.6,15.6
7.575,12,-3.6,15.6
7.58,12,-3.6,15.5
7.585,12,-3.5,15.5
7.59,12,-3.5,15.5
7.595,12,-3.5,15.5
7.6,12,-3.5,15.5
7.605,12,-3.5,15.5
7.61,12,-3.5,15.5
7.615,12,-3.5,15.5
7.62,12,-3.5,15.5
7.625,12,-3.5,15.5
7.63,12,-3.5,15.5
7.635,12,-3.5,15.5
7.64,12,-3.5,15.5
7.645,12,-3.5,15.5
7.65,12,-3.5,15.5
7.655,12,-3.5,15.5
7.66,12,-3.5,15.5
7.665,12,-3.5,15.5
7.67,12,-3.5,15.5
7.675,12,-3.5,15.5
7.68,12,-3.5,15.5
7.685,12,-3.5,15.5
7.69,12,-3.5,15.5
7.695,12,-3.5,15.5
7.7,12,-3.5,15.5
7.705,12,-3.5,15.5
7.71,12,-3.5,15.5
7.715,12,-3.5,15.4
7.72,12,-3.4,15.4
7.725,12,-3.4,15.4
7.73,12,-3.4,15.4
7.735,12,-3.4,15.4
7.74,12,-3.4,15.4
7.745,12,-3.4,15.4
7.75,12,-3.4,15.4
7.755,12,-3.4,15.4
7.76,12,-3.4,15.4
7.765,12,-3.4,15.4
7.77,12,-3.4,15.4
7.775,12,-3.4,15.4
7.78,12,-3.4,15.4
7.785,12,-3.4,15.4
7.79,12,-3.4,15.4
7.795,12,-3.4,15.4
7.8,12,-3.4,15.4
7.805,12,-3.4,15.4
7.81,12,-3.4,15.4
7.815,12,-3.4,15.4
7.82,12,-3.4,15.4
7.825,12,-3.4,15.4
7.83,12,-3.4,15.4
7.835,12,-3.4,15.4
7.84,12,-3.4,15.4
7.845,12,-3.4,15.4
7.85,12,-3.4,15.4
7.855,12,-3.4,15.4
7.86,12,-3.4,15.4
7.865,12,-3.4,15.4
7.87,12,-3.4,15.4
7.875,12,-3.4,15.4
7.88,12,-3.4,15.4
7.885,12,-3.4,15.4
7.89,12,-3.4,15.3
7.895,12,-3.3,15.3
7.9,12,-3.3,15.3
7.905,12,-3.3,15.3
7.91,12,-3.3,15.3
7.915,12,-3.3,15.3
7.92,12,-3.3,15.3
7.925,12,-3.3,15.3
7.93,12,-3.3,15.3
7.935,12,-3.3,15.3
7.94,12,-3.3,15.3
7.945,12,-3.3,15.3
7.95,12,-3.3,15.3
7.955,12,-3.3,15.3
7.96,12,-3.3,15.3
7.965,12,-3.3,15.3
7.97,12,-3.3,15.3
7.975,12,-3.3,15.3
7.98,12,-3.3,15.3
7.985,12,-3.3,15.3
7.99,12,-3.3,15.3
7.995,12,-3.3,15.3
8,12,-3.3,15.3
8.005,12,-3.3,15.3
8.01,12,-3.3,15.3
8.015,12,-3.3,15.3
8.02,12,-3.3,15.3
8.025,12,-3.3,15.3
8.03,12,-3.3,15.3
8.035,12,-3.3,15.3
8.04,12,-3.3,15.3
8.045,12,-3.3,15.3
8.05,12,-3.3,15.3
8.055,12,-3.3,15.3
8.06,12,-3.3,15.3
8.065,12,-3.3,15.3
8.07,12,-3.3,15.3
8.075,12,-3.3,15.3
8.08,12,-3.3,15.3
8.085,12,-3.3,15.3
8.09,12,-3.3,15.3
8.095,12,-3.3,15.3
8.1,12,-3.3,15.3
8.105,12,-3.3,15.3
8.11,12,-3.3,15.3
8.115,12,-3.3,15.3
8.12,12,-3.3,15.3
8.125,12,-3.3,15.2
8.13,12,-3.2,15.2
8.135,12,-3.2,15.2
8.14,12,-3.2,15.2
8.145,12,-3.2,15.2
8.15,12,-3.2,15.2
8.155,12,-3.2,15.2
8.16,12,-3.2,15.2
8.165,12,-3.2,15.2
8.17,12,-3.2,15.2
8.175,12,-3.2,15.2
8.18,12,-3.2,15.2
8.185,12,-3.2,15.2
8.19,12,-3.2,15.2
8.195,12,-3.2,15.2
8.2,12,-3.2,15.2
8.205,12,-3.2,15.2
8.21,12,-3.2,15.2
8.215,12,-3.2,15.2
8.22,12,-3.2,15.2
8.225,12,-3.2,15.2
8.23,12,-3.2,15.2
8.235,12,-3.2,15.2
8.24,12,-3.2,15.2
8.245,12,-3.2,15.2
8.25,12,-3.2,15.2
8.255,12,-3.2,15.2
8.26,12,-3.2,15.2
8.265,12,-3.2,15.2
8.27,12,-3.2,15.2
8.275,12,-3.2,15.2
8.28,12,-3.2,15.2
8.285,12,-3.2,15.2
8.29,12,-3.2,15.2
8.295,12,-3.2,15.2
8.3,12,-3.2,15.2
8.305,12,-3.2,15.2
8.31,12,-3.2,15.2
8.315,12,-3.2,15.2
8.32,12,-3.2,15.2
8.325,12,-3.2,15.2
8.33,12,-3.2,15.2
8.335,12,-3.2,15.2
8.34,12,-3.2,15.2
8.345,12,-3.2,15.2
8.35,12,-3.2,15.2
8.355,12,-3.2,15.2
8.36,12,-3.2,15.2
8.365,12,-3.2,15.2
8.37,12,-3.2,15.2
8.375,12,-3.2,15.2
8.38,12,-3.2,15.2
8.385,12,-3.2,15.2
8.39,12,-3.2,15.2
8.395,12,-3.2,15.2
8.4,12,-3.2,15.2
8.405,12,-3.2,15.2
8.41,12,-3.2,15.2
8.415,12,-3.2,15.2
8.42,12,-3.2,15.2
8.425,12,-3.2,15.2
8.43,12,-3.2,15.2
8.435,12,-3.2,15.2
8.44,12,-3.2,15.2
8.445,12,-3.2,15.2
8.45,12,-3.2,15.2
8.455,12,-3.2,15.2
8.46,12,-3.2,15.2
8.465,12,-3.2,15.2
8.47,12,-3.2,15.1
8.475,12,-3.1,15.1
8.48,12,-3.1,15.1
8.485,12,-3.1,15.1
8.49,12,-3.1,15.1
8.495,12,-3.1,15.1
8.5,12,-3.1,15.1
8.505,12,-3.1,15.1
8.51,12,-3.1,15.1
8.515,12,-3.1,15.1
8.52,12,-3.1,15.1
8.525,12,-3.1,15.1
8.53,12,-3.1,15.1
8.535,12,-3.1,15.1
8.54,12,-3.1,15.1
8.545,12,-3.1,15.1
8.55,12,-3.1,15.1
8.555,12,-3.1,15.1
8.56,12,-3.1,15.1
8.565,12,-3.1,15.1
8.57,12,-3.1,15.1
8.575,12,-3.1,15.1
8.58,12,-3.1,15.1
8.585,12,-3.1,15.1
8.59,12,-3.1,15.1
8.595,12,-3.1,15.1
8.6,12,-3.1,15.1
8.605,12,-3.1,15.1
8.61,12,-3.1,15.1
8.615,12,-3.1,15.1
8.62,12,-3.1,15.1
8.625,12,-3.1,15.1
8.63,12,-3.1,15.1
8.635,12,-3.1,15.1
8.64,12,-3.1,15.1
8.645,12,-3.1,15.1
8.65,12,-3.1,15.1
8.655,12,-3.1,15.1
8.66,12,-3.1,15.1
8.665,12,-3.1,15.1
8.67,12,-3.1,15.1
8.675,12,-3.1,15.1
8.68,12,-3.1,15.1
8.685,12,-3.1,15.1
8.69,12,-3.1,15.1
8.695,12,-3.1,15.1
8.7,12,-3.1,15.1
8.705,12,-3.1,15.1
8.71,12,-3.1,15.1
8.715,12,-3.1,15.1
8.72,12,-3.1,15.1
8.725,12,-3.1,15.1
8.73,12,-3.1,15.1
8.735,12,-3.1,15.1
8.74,12,-3.1,15.1
8.745,12,-3.1,15.1
8.75,12,-3.1,15.1
8.755,12,-3.1,15.1
8.76,12,-3.1,15.1
8.765,12,-3.1,15.1
8.77,12,-3.1,15.1
8.775,12,-3.1,15.1
8.78,12,-3.1,15.1
8.785,12,-3.1,15.1
8.79,12,-3.1,15.1
8.795,12,-3.1,15.1
8.8,12,-3.1,15.1
8.805,12,-3.1,15.1
8.81,12,-3.1,15.1
8.815,12,-3.1,15.1
8.82,12,-3.1,15.1
8.825,12,-3.1,15.1
8.83,12,-3.1,15.1
8.835,12,-3.1,15.1
8.84,12,-3.1,15.1
8.845,12,-3.1,15.1
8.85,12,-3.1,15.1
8.855,12,-3.1,15.1
8.86,12,-3.1,15.1
8.865,12,-3.1,15.1
8.87,12,-3.1,15.1
8.875,12,-3.1,15.1
8.88,12,-3.1,15.1
8.885,12,-3.1,15.1
8.89,12,-3.1,15.1
8.895,12,-3.1,15.1
8.9,12,-3.1,15.1
8.905,12,-3.1,15.1
8.91,12,-3.1,15.1
8.915,12,-3.1,15.1
8.92,12,-3.1,15.1
8.925,12,-3.1,15.1
8.93,12,-3.1,15.1
8.935,12,-3.1,15.1
8.94,12,-3.1,15.1
8.945,12,-3.1,15.1
8.95,12,-3.1,15.1
8.955,12,-3.1,15.1
8.96,12,-3.1,15.1
8.965,12,-3.1,15.1
8.97,12,-3.1,15.1
8.975,12,-3.1,15.1
8.98,12,-3.1,15.1
8.985,12,-3.1,15.1
8.99,12,-3.1,15.1
8.995,12,-3.1,15.1
9,12,-3.1,15.1
9.005,12,-3.1,15.1
9.01,12,-3.1,15.1
9.015,12,-3.1,15.1
9.02,12,-3.1,15.1
9.025,12,-3.1,15.1
9.03,12,-3.1,15.1
9.035,12,-3.1,15.1
9.04,12,-3.1,15.1
9.045,12,-3.1,15.1
9.05,12,-3.1,15.1
9.055,12,-3.1,15.1
9.06,12,-3.1,15.1
9.065,12,-3.1,15.1
9.07,12,-3.1,15.1
9.075,12,-3.1,15.1
9.08,12,-3.1,15.1
9.085,12,-3.1,15.1
9.09,12,-3.1,15.1
9.095,12,-3.1,15.1
9.1,12,-3.1,15.1
9.105,12,-3.1,15.1
9.11,12,-3.1,15.1
9.115,12,-3.1,15.1
9.12,12,-3.1,15.1
9.125,12,-3.1,15.1
9.13,12,-3.1,15.1
9.135,12,-3.1,15.1
9.14,12,-3.1,15.1
9.145,12,-3.1,15.1
9.15,12,-3.1,15.1
9.155,12,-3.1,15.1
9.16,12,-3.1,15.1
9.165,12,-3.1,15.1
9.17,12,-3.1,15
9.175,12,-3,15
9.18,12,-3,15
9.185,12,-3,15
9.19,12,-3,15
9.195,12,-3,15
9.2,12,-3,15
9.205,12,-3,15
9.21,12,-3,15
9.215,12,-3,15
9.22,12,-3,15
9.225,12,-3,15
9.23,12,-3,15
9.235,12,-3,14.9
9.24,12,-2.9,14.9
9.245,12,-2.9,14.9
9.25,12,-2.9,14.9
9.255,12,-2.9,14.9
9.26,12,-2.9,14.9
9.265,12,-2.9,14.9
9.27,12,-2.9,14.9
9.275,12,-2.9,14.8
9.28,12,-2.8,14.8
9.285,12,-2.8,14.8
9.29,12,-2.8,14.8
9.295,12,-2.8,14.8
9.3,12,-2.8,14.8
9.305,12,-2.8,14.7
9.31,12,-2.7,14.7
9.315,12,-2.7,14.7
9.32,12,-2.7,14.7
9.325,12,-2.7,14.7
9.33,12,-2.7,14.7
9.335,12,-2.7,14.6
9.34,12,-2.6,14.6
9.345,12,-2.6,14.6
9.35,12,-2.6,14.6
9.355,12,-2.6,14.6
9.36,12,-2.6,14.6
9.365,12,-2.6,14.5
9.37,12,-2.5,14.5
9.375,12,-2.5,14.5
9.38,12,-2.5,14.5
9.385,12,-2.5,14.5
9.39,12,-2.5,14.5
9.395,12,-2.5,14.4
9.4,12,-2.4,14.4
9.405,12,-2.4,14.4
9.41,12,-2.4,14.4
9.415,12,-2.4,14.4
9.42,12,-2.4,14.4
9.425,12,-2.4,14.3
9.43,12,-2.3,14.3
9.435,12,-2.3,14.3
9.44,12,-2.3,14.3
9.445,12,-2.3,14.3
9.45,12,-2.3,14.3
9.455,12,-2.3,14.3
9.46,12,-2.3,14.2
9.465,12,-2.2,14.2
9.47,12,-2.2,14.2
9.475,12,-2.2,14.2
9.48,12,-2.2,14.2
9.485,12,-2.2,14.2
9.49,12,-2.2,14.1
9.495,12,-2.1,14.1
9.5,12,-2.1,14.1
9.505,12,-2.1,14.1
9.51,12,-2.1,14.1
9.515,12,-2.1,14.1
9.52,12,-2.1,14.1
9.525,12,-2.1,14
9.53,12,-2,14
9.535,12,-2,14
9.54,12,-2,14
9.545,12,-2,14
9.55,12,-2,14
9.555,12,-2,14
9.56,12,-2,13.9
9.565,12,-1.9,13.9
9.57,12,-1.9,13.9
9.575,12,-1.9,13.9
9.58,12,-1.9,13.9
9.585,12,-1.9,13.9
9.59,12,-1.9,13.9
9.595,12,-1.9,13.8
9.6,12,-1.8,13.8
9.605,12,-1.8,13.8
9.61,12,-1.8,13.8
9.615,12,-1.8,13.8
9.62,12,-1.8,13.8
9.625,12,-1.8,13.8
9.63,12,-1.8,13.8
9.635,12,-1.8,13.7
9.64,12,-1.7,13.7
9.645,12,-1.7,13.7
9.65,12,-1.7,13.7
9.655,12,-1.7,13.7
9.66,12,-1.7,13.7
9.665,12,-1.7,13.7
9.67,12,-1.7,13.7
9.675,12,-1.7,13.6
9.68,12,-1.6,13.6
9.685,12,-1.6,13.6
9.69,12,-1.6,13.6
9.695,12,-1.6,13.6
9.7,12,-1.6,13.6
9.705,12,-1.6,13.6
9.71,12,-1.6,13.6
9.715,12,-1.6,13.6
9.72,12,-1.6,13.5
9.725,12,-1.5,13.5
9.73,12,-1.5,13.5
9.735,12,-1.5,13.5
9.74,12,-1.5,13.5
9.745,12,-1.5,13.5
9.75,12,-1.5,13.5
9.755,12,-1.5,13.5
9.76,12,-1.5,13.5
9.765,12,-1.5,13.4
9.77,12,-1.4,13.4
9.775,12,-1.4,13.4
9.78,12,-1.4,13.4
9.785,12,-1.4,13.4
9.79,12,-1.4,13.4
9.795,12,-1.4,13.4
9.8,12,-1.4,13.4
9.805,12,-1.4,13.4
9.81,12,-1.4,13.4
9.815,12,-1.4,13.3
9.82,12,-1.3,13.3
9.825,12,-1.3,13.3
9.83,12,-1.3,13.3
9.835,12,-1.3,13.3
9.84,12,-1.3,13.3
9.845,12,-1.3,13.3
9.85,12,-1.3,13.3
9.855,12,-1.3,13.3
9.86,12,-1.3,13.3
9.865,12,-1.3,13.2
9.87,12,-1.2,13.2
9.875,12,-1.2,13.2
9.88,12,-1.2,13.2
9.885,12,-1.2,13.2
9.89,12,-1.2,13.2
9.895,12,-1.2,13.2
9.9,12,-1.2,13.2
9.905,12,-1.2,13.2
9.91,12,-1.2,13.2
9.915,12,-1.2,13.2
9.92,12,-1.2,13.2
9.925,12,-1.2,13.1
9.93,12,-1.1,13.1
9.935,12,-1.1,13.1
9.94,12,-1.1,13.1
9.945,12,-1.1,13.1
9.95,12,-1.1,13.1
9.955,12,-1.1,13.1
9.96,12,-1.1,13.1
9.965,12,-1.1,13.1
9.97,12,-1.1,13.1
9.975,12,-1.1,13.1
9.98,12,-1.1,13.1
9.985,12,-1.1,13.1
9.99,12,-1.1,13
9.995,12,-1,13
10,12,-1,13
10.005,12,-1,13
10.01,12,-1,13
10.015,12,-1,13
10.02,12,-1,13
10.025,12,-1,13
10.03,12,-1,13
10.035,12,-1,13
10.04,12,-1,13
10.045,12,-1,13
10.05,12,-1,13
10.055,12,-1,12.9
10.06,12,-0.9,12.9
10.065,12,-0.9,12.9
10.07,12,-0.9,12.9
10.075,12,-0.9,12.9
10.08,12,-0.9,12.9
10.085,12,-0.9,12.9
10.09,12,-0.9,12.9
10.095,12,-0.9,12.9
10.1,12,-0.9,12.9
10.105,12,-0.9,12.9
10.11,12,-0.9,12.9
10.115,12,-0.9,12.9
10.12,12,-0.9,12.9
10.125,12,-0.9,12.9
10.13,12,-0.9,12.9
10.135,12,-0.9,12.8
10.14,12,-0.8,12.8
10.145,12,-0.8,12.8
10.15,12,-0.8,12.8
10.155,12,-0.8,12.8
10.16,12,-0.8,12.8
10.165,12,-0.8,12.8
10.17,12,-0.8,12.8
10.175,12,-0.8,12.8
10.18,12,-0.8,12.8
10.185,12,-0.8,12.8
10.19,12,-0.8,12.8
10.195,12,-0.8,12.8
10.2,12,-0.8,12.8
10.205,12,-0.8,12.8
10.21,12,-0.8,12.8
10.215,12,-0.8,12.8
10.22,12,-0.8,12.7
10.225,12,-0.7,12.7
10.23,12,-0.7,12.7
10.235,12,-0.7,12.7
10.24,12,-0.7,12.7
10.245,12,-0.7,12.7
10.25,12,-0.7,12.7
10.255,12,-0.7,12.7
10.26,12,-0.7,12.7
10.265,12,-0.7,12.7
10.27,12,-0.7,12.7
10.275,12,-0.7,12.7
10.28,12,-0.7,12.7
10.285,12,-0.7,12.7
10.29,12,-0.7,12.7
10.295,12,-0.7,12.7
10.3,12,-0.7,12.7
10.305,12,-0.7,12.7
10.31,12,-0.7,12.7
10.315,12,-0.7,12.7
10.32,12,-0.7,12.6
10.325,12,-0.6,12.6
10.33,12,-0.6,12.6
10.335,12,-0.6,12.6
10.34,12,-0.6,12.6
10.345,12,-0.6,12.6
10.35,12,-0.6,12.6
10.355,12,-0.6,12.6
10.36,12,-0.6,12.6
10.365,12,-0.6,12.6
10.37,12,-0.6,12.6
10.375,12,-0.6,12.6
10.38,12,-0.6,12.6
10.385,12,-0.6,12.6
10.39,12,-0.6,12.6
10.395,12,-0.6,12.6
10.4,12,-0.6,12.6
10.405,12,-0.6,12.6
10.41,12,-0.6,12.6
10.415,12,-0.6,12.6
10.42,12,-0.6,12.6
10.425,12,-0.6,12.6
10.43,12,-0.6,12.6
10.435,12,-0.6,12.5
10.44,12,-0.5,12.5
10.445,12,-0.5,12.5
10.45,12,-0.5,12.5
10.455,12,-0.5,12.5
10.46,12,-0.5,12.5
10.465,12,-0.5,12.5
10.47,12,-0.5,12.5
10.475,12,-0.5,12.5
10.48,12,-0.5,12.5
10.485,12,-0.5,12.5
10.49,12,-0.5,12.5
10.495,12,-0.5,12.5
10.5,12,-0.5,12.5
10.505,12,-0.5,12.5
10.51,12,-0.5,12.5
10.515,12,-0.5,12.5
10.52,12,-0.5,12.5
10.525,12,-0.5,12.5
10.53,12,-0.5,12.5
10.535,12,-0.5,12.5
10.54,12,-0.5,12.5
10.545,12,-0.5,12.5
10.55,12,-0.5,12.5
10.555,12,-0.5,12.5
10.56,12,-0.5,12.5
10.565,12,-0.5,12.5
10.57,12,-0.5,12.5
10.575,12,-0.5,12.4
10.58,12,-0.4,12.4
10.585,12,-0.4,12.4
10.59,12,-0.4,12.4
10.595,12,-0.4,12.4
10.6,12,-0.4,12.4
10.605,12,-0.4,12.4
10.61,12,-0.4,12.4
10.615,12,-0.4,12.4
10.62,12,-0.4,12.4
10.625,12,-0.4,12.4
10.63,12,-0.4,12.4
10.635,12,-0.4,12.4
10.64,12,-0.4,12.4
10.645,12,-0.4,12.4
10.65,12,-0.4,12.4
10.655,12,-0.4,12.4
10.66,12,-0.4,12.4
10.665,12,-0.4,12.4
10.67,12,-0.4,12.4
10.675,12,-0.4,12.4
10.68,12,-0.4,12.4
10.685,12,-0.4,12.4
10.69,12,-0.4,12.4
10.695,12,-0.4,12.4
10.7,12,-0.4,12.4
10.705,12,-0.4,12.4
10.71,12,-0.4,12.4
10.715,12,-0.4,12.4
10.72,12,-0.4,12.4
10.725,12,-0.4,12.4
10.73,12,-0.4,12.4
10.735,12,-0.4,12.4
10.74,12,-0.4,12.4
10.745,12,-0.4,12.3
10.75,12,-0.3,12.3
10.755,12,-0.3,12.3
10.76,12,-0.3,12.3
10.765,12,-0.3,12.3
10.77,12,-0.3,12.3
10.775,12,-0.3,12.3
10.78,12,-0.3,12.3
10.785,12,-0.3,12.3
10.79,12,-0.3,12.3
10.795,12,-0.3,12.3
10.8,12,-0.3,12.3
10.805,12,-0.3,12.3
10.81,12,-0.3,12.3
10.815,12,-0.3,12.3
10.82,12,-0.3,12.3
10.825,12,-0.3,12.3
10.83,12,-0.3,12.3
10.835,12,-0.3,12.3
10.84,12,-0.3,12.3
10.845,12,-0.3,12.3
10.85,12,-0.3,12.3
10.855,12,-0.3,12.3
10.86,12,-0.3,12.3
10.865,12,-0.3,12.3
10.87,12,-0.3,12.3
10.875,12,-0.3,12.3
10.88,12,-0.3,12.3
10.885,12,-0.3,12.3
10.89,12,-0.3,12.3
10.895,12,-0.3,12.3
10.9,12,-0.3,12.3
10.905,12,-0.3,12.3
10.91,12,-0.3,12.3
10.915,12,-0.3,12.3
10.92,12,-0.3,12.3
10.925,12,-0.3,12.3
10.93,12,-0.3,12.3
10.935,12,-0.3,12.3
10.94,12,-0.3,12.3
10.945,12,-0.3,12.3
10.95,12,-0.3,12.3
10.955,12,-0.3,12.3
10.96,12,-0.3,12.3
10.965,12,-0.3,12.3
10.97,12,-0.3,12.3
10.975,12,-0.3,12.3
10.98,12,-0.3,12.2
10.985,12,-0.2,12.2
10.99,12,-0.2,12.2
10.995,12,-0.2,12.2
11,13.5,1.3,12.2
11.005,13.5,1.3,12.2
11.01,13.5,1.3,12.2
11.015,13.5,1.3,12.2
11.02,13.5,1.3,12.2
11.025,13.5,1.3,12.2
11.03,13.5,1.3,12.2
11.035,13.5,1.3,12.3
11.04,13.5,1.2,12.3
11.045,13.5,1.2,12.3
11.05,13.5,1.2,12.3
11.055,13.5,1.2,12.3
11.06,13.5,1.2,12.3
11.065,13.5,1.2,12.3
11.07,13.5,1.2,12.3
11.075,13.5,1.2,12.3
11.08,13.5,1.2,12.3
11.085,13.5,1.2,12.3
11.09,13.5,1.2,12.3
11.095,13.5,1.2,12.3
11.1,13.5,1.2,12.3
11.105,13.5,1.2,12.3
11.11,13.5,1.2,12.3
11.115,13.5,1.2,12.3
11.12,13.5,1.2,12.3
11.125,13.5,1.2,12.3
11.13,13.5,1.2,12.3
11.135,13.5,1.2,12.4
11.14,13.5,1.1,12.4
11.145,13.5,1.1,12.4
11.15,13.5,1.1,12.4
11.155,13.5,1.1,12.4
11.16,13.5,1.1,12.4
11.165,13.5,1.1,12.4
11.17,13.5,1.1,12.4
11.175,13.5,1.1,12.4
11.18,13.5,1.1,12.4
11.185,13.5,1.1,12.4
11.19,13.5,1.1,12.4
11.195,13.5,1.1,12.4
11.2,13.5,1.1,12.4
11.205,13.5,1.1,12.4
11.21,13.5,1.1,12.5
11.215,13.5,1,12.5
11.22,13.5,1,12.5
11.225,13.5,1,12.5
11.23,13.5,1,12.5
11.235,13.5,1,12.5
11.24,13.5,1,12.5
11.245,13.5,1,12.5
11.25,13.5,1,12.5
11.255,13.5,1,12.5
11.26,13.5,1,12.5
11.265,13.5,1,12.5
11.27,13.5,1,12.5
11.275,13.5,1,12.5
11.28,13.5,1,12.6
11.285,13.5,0.9,12.6
11.29,13.5,0.9,12.6
11.295,13.5,0.9,12.6
11.3,13.5,0.9,12.6
11.305,13.5,0.9,12.6
11.31,13.5,0.9,12.6
11.315,13.5,0.9,12.6
11.32,13.5,0.9,12.6
11.325,13.5,0.9,12.6
11.33,13.5,0.9,12.6
11.335,13.5,0.9,12.6
11.34,13.5,0.9,12.6
11.345,13.5,0.9,12.6
11.35,13.5,0.9,12.6
11.355,13.5,0.9,12.6
11.36,13.5,0.9,12.7
11.365,13.5,0.8,12.7
11.37,13.5,0.8,12.7
11.375,13.5,0.8,12.7
11.38,13.5,0.8,12.7
11.385,13.5,0.8,12.7
11.39,13.5,0.8,12.7
11.395,13.5,0.8,12.7
11.4,13.5,0.8,12.7
11.405,13.5,0.8,12.7
11.41,13.5,0.8,12.7
11.415,13.5,0.8,12.7
11.42,13.5,0.8,12.7
11.425,13.5,0.8,12.7
11.43,13.5,0.8,12.7
11.435,13.5,0.8,12.7
11.44,13.5,0.8,12.7
11.445,13.5,0.8,12.7
11.45,13.5,0.8,12.8
11.455,13.5,0.7,12.8
11.46,13.5,0.7,12.8
11.465,13.5,0.7,12.8
11.47,13.5,0.7,12.8
11.475,13.5,0.7,12.8
11.48,13.5,0.7,12.8
11.485,13.5,0.7,12.8
11.49,13.5,0.7,12.8
11.495,13.5,0.7,12.8
11.5,13.5,0.7,12.8
11.505,13.5,0.7,12.8
11.51,13.5,0.7,12.8
11.515,13.5,0.7,12.8
11.52,13.5,0.7,12.8
11.525,13.5,0.7,12.8
11.53,13.5,0.7,12.8
11.535,13.5,0.7,12.8
11.54,13.5,0.7,12.8
11.545,13.5,0.7,12.9
11.55,13.5,0.6,12.9
11.555,13.5,0.6,12.9
11.56,13.5,0.6,12.9
11.565,13.5,0.6,12.9
11.57,13.5,0.6,12.9
11.575,13.5,0.6,12.9
11.58,13.5,0.6,12.9
11.585,13.5,0.6,12.9
11.59,13.5,0.6,12.9
11.595,13.5,0.6,12.9
11.6,13.5,0.6,12.9
11.605,13.5,0.6,12.9
11.61,13.5,0.6,12.9
11.615,13.5,0.6,12.9
11.62,13.5,0.6,12.9
11.625,13.5,0.6,12.9
11.63,13.5,0.6,12.9
11.635,13.5,0.6,12.9
11.64,13.5,0.6,12.9
11.645,13.5,0.6,12.9
11.65,13.5,0.6,12.9
11.655,13.5,0.6,12.9
11.66,13.5,0.6,12.9
11.665,13.5,0.6,13
11.67,13.5,0.5,13
11.675,13.5,0.5,13
11.68,13.5,0.5,13
11.685,13.5,0.5,13
11.69,13.5,0.5,13
11.695,13.5,0.5,13
11.7,13.5,0.5,13
11.705,13.5,0.5,13
11.71,13.5,0.5,13
11.715,13.5,0.5,13
11.72,13.5,0.5,13
11.725,13.5,0.5,13
11.73,13.5,0.5,13
11.735,13.5,0.5,13
11.74,13.5,0.5,13
11.745,13.5,0.5,13
11.75,13.5,0.5,13
11.755,13.5,0.5,13
11.76,13.5,0.5,13
11.765,13.5,0.5,13
11.77,13.5,0.5,13
11.775,13.5,0.5,13
11.78,13.5,0.5,13
11.785,13.5,0.5,13
11.79,13.5,0.5,13
11.795,13.5,0.5,13
11.8,13.5,0.5,13.1
11.805,13.5,0.4,13.1
11.81,13.5,0.4,13.1
11.815,13.5,0.4,13.1
11.82,13.5,0.4,13.1
11.825,13.5,0.4,13.1
11.83,13.5,0.4,13.1
11.835,13.5,0.4,13.1
11.84,13.5,0.4,13.1
11.845,13.5,0.4,13.1
11.85,13.5,0.4,13.1
11.855,13.5,0.4,13.1
11.86,13.5,0.4,13.1
11.865,13.5,0.4,13.1
11.87,13.5,0.4,13.1
11.875,13.5,0.4,13.1
11.88,13.5,0.4,13.1
11.885,13.5,0.4,13.1
11.89,13.5,0.4,13.1
11.895,13.5,0.4,13.1
11.9,13.5,0.4,13.1
11.905,13.5,0.4,13.1
11.91,13.5,0.4,13.1
11.915,13.5,0.4,13.1
11.92,13.5,0.4,13.1
11.925,13.5,0.4,13.1
11.93,13.5,0.4,13.1
11.935,13.5,0.4,13.1
11.94,13.5,0.4,13.1
11.945,13.5,0.4,13.1
11.95,13.5,0.4,13.1
11.955,13.5,0.4,13.1
11.96,13.5,0.4,13.1
11.965,13.5,0.4,13.1
11.97,13.5,0.4,13.1
11.975,13.5,0.4,13.2
11.98,13.5,0.3,13.2
11.985,13.5,0.3,13.2
11.99,13.5,0.3,13.2
11.995,13.5,0.3,13.2
12,13.5,0.3,13.2
12.005,13.5,0.3,13.2
12.01,13.5,0.3,13.2
12.015,13.5,0.3,13.2
12.02,13.5,0.3,13.2
12.025,13.5,0.3,13.2
12.03,13.5,0.3,13.2
12.035,13.5,0.3,13.2
12.04,13.5,0.3,13.2
12.045,13.5,0.3,13.2
12.05,13.5,0.3,13.2
12.055,13.5,0.3,13.2
12.06,13.5,0.3,13.2
12.065,13.5,0.3,13.2
12.07,13.5,0.3,13.2
12.075,13.5,0.3,13.2
12.08,13.5,0.3,13.2
12.085,13.5,0.3,13.2
12.09,13.5,0.3,13.2
12.095,13.5,0.3,13.2
12.1,13.5,0.3,13.2
12.105,13.5,0.3,13.2
12.11,13.5,0.3,13.2
12.115,13.5,0.3,13.2
12.12,13.5,0.3,13.2
12.125,13.5,0.3,13.2
12.13,13.5,0.3,13.2
12.135,13.5,0.3,13.2
12.14,13.5,0.3,13.2
12.145,13.5,0.3,13.2
12.15,13.5,0.3,13.2
12.155,13.5,0.3,13.2
12.16,13.5,0.3,13.2
12.165,13.5,0.3,13.2
12.17,13.5,0.3,13.2
12.175,13.5,0.3,13.2
12.18,13.5,0.3,13.2
12.185,13.5,0.3,13.2
12.19,13.5,0.3,13.2
12.195,13.5,0.3,13.2
12.2,13.5,0.3,13.2
12.205,13.5,0.3,13.2
12.21,13.5,0.3,13.3
12.215,13.5,0.2,13.3
12.22,13.5,0.2,13.3
12.225,13.5,0.2,13.3
12.23,13.5,0.2,13.3
12.235,13.5,0.2,13.3
12.24,13.5,0.2,13.3
12.245,13.5,0.2,13.3
12.25,13.5,0.2,13.3
12.255,13.5,0.2,13.3
12.26,13.5,0.2,13.3
12.265,13.5,0.2,13.3
12.27,13.5,0.2,13.3
12.275,13.5,0.2,13.3
12.28,13.5,0.2,13.3
12.285,13.5,0.2,13.3
12.29,13.5,0.2,13.3
12.295,13.5,0.2,13.3
12.3,13.5,0.2,13.3
12.305,13.5,0.2,13.3
12.31,13.5,0.2,13.3
12.315,13.5,0.2,13.3
12.32,13.5,0.2,13.3
12.325,13.5,0.2,13.3
12.33,13.5,0.2,13.3
12.335,13.5,0.2,13.3
12.34,13.5,0.2,13.3
12.345,13.5,0.2,13.3
12.35,13.5,0.2,13.3
12.355,13.5,0.2,13.3
12.36,13.5,0.2,13.3
12.365,13.5,0.2,13.3
12.37,13.5,0.2,13.3
12.375,13.5,0.2,13.3
12.38,13.5,0.2,13.3
12.385,13.5,0.2,13.3
12.39,13.5,0.2,13.3
12.395,13.5,0.2,13.3
12.4,13.5,0.2,13.3
12.405,13.5,0.2,13.3
12.41,13.5,0.2,13.3
12.415,13.5,0.2,13.3
12.42,13.5,0.2,13.3
12.425,13.5,0.2,13.3
12.43,13.5,0.2,13.3
12.435,13.5,0.2,13.3
12.44,13.5,0.2,13.3
12.445,13.5,0.2,13.3
12.45,13.5,0.2,13.3
12.455,13.5,0.2,13.3
12.46,13.5,0.2,13.3
12.465,13.5,0.2,13.3
12.47,13.5,0.2,13.3
12.475,13.5,0.2,13.3
12.48,13.5,0.2,13.3
12.485,13.5,0.2,13.3
12.49,13.5,0.2,13.3
12.495,13.5,0.2,13.3
12.5,13.5,0.2,13.3
12.505,13.5,0.2,13.3
12.51,13.5,0.2,13.3
12.515,13.5,0.2,13.3
12.52,13.5,0.2,13.3
12.525,13.5,0.2,13.3
12.53,13.5,0.2,13.3
12.535,13.5,0.2,13.3
12.54,13.5,0.2,13.3
12.545,13.5,0.2,13.3
12.55,13.5,0.2,13.3
12.555,13.5,0.2,13.4
12.56,13.5,0.1,13.4
12.565,13.5,0.1,13.4
12.57,13.5,0.1,13.4
12.575,13.5,0.1,13.4
12.58,13.5,0.1,13.4
12.585,13.5,0.1,13.4
12.59,13.5,0.1,13.4
12.595,13.5,0.1,13.4
12.6,13.5,0.1,13.4
12.605,13.5,0.1,13.4
12.61,13.5,0.1,13.4
12.615,13.5,0.1,13.4
12.62,13.5,0.1,13.4
12.625,13.5,0.1,13.4
12.63,13.5,0.1,13.4
12.635,13.5,0.1,13.4
12.64,13.5,0.1,13.4
12.645,13.5,0.1,13.4
12.65,13.5,0.1,13.4
12.655,13.5,0.1,13.4
12.66,13.5,0.1,13.4
12.665,13.5,0.1,13.4
12.67,13.5,0.1,13.4
12.675,13.5,0.1,13.4
12.68,13.5,0.1,13.4
12.685,13.5,0.1,13.4
12.69,13.5,0.1,13.4
12.695,13.5,0.1,13.4
12.7,13.5,0.1,13.4
12.705,13.5,0.1,13.4
12.71,13.5,0.1,13.4
12.715,13.5,0.1,13.4
12.72,13.5,0.1,13.4
12.725,13.5,0.1,13.4
12.73,13.5,0.1,13.4
12.735,13.5,0.1,13.4
12.74,13.5,0.1,13.4
12.745,13.5,0.1,13.4
12.75,13.5,0.1,13.4
12.755,13.5,0.1,13.4
12.76,13.5,0.1,13.4
12.765,13.5,0.1,13.4
12.77,13.5,0.1,13.4
12.775,13.5,0.1,13.4
12.78,13.5,0.1,13.4
12.785,13.5,0.1,13.4
12.79,13.5,0.1,13.4
12.795,13.5,0.1,13.4
12.8,13.5,0.1,13.4
12.805,13.5,0.1,13.4
12.81,13.5,0.1,13.4
12.815,13.5,0.1,13.4
12.82,13.5,0.1,13.4
12.825,13.5,0.1,13.4
12.83,13.5,0.1,13.4
12.835,13.5,0.1,13.4
12.84,13.5,0.1,13.4
12.845,13.5,0.1,13.4
12.85,13.5,0.1,13.4
12.855,13.5,0.1,13.4
12.86,13.5,0.1,13.4
12.865,13.5,0.1,13.4
12.87,13.5,0.1,13.4
12.875,13.5,0.1,13.4
12.88,13.5,0.1,13.4
12.885,13.5,0.1,13.4
12.89,13.5,0.1,13.4
12.895,13.5,0.1,13.4
12.9,13.5,0.1,13.4
12.905,13.5,0.1,13.4
12.91,13.5,0.1,13.4
12.915,13.5,0.1,13.4
12.92,13.5,0.1,13.4
12.925,13.5,0.1,13.4
12.93,13.5,0.1,13.4
12.935,13.5,0.1,13.4
12.94,13.5,0.1,13.4
12.945,13.5,0.1,13.4
12.95,13.5,0.1,13.4
12.955,13.5,0.1,13.4
12.96,13.5,0.1,13.4
12.965,13.5,0.1,13.4
12.97,13.5,0.1,13.4
12.975,13.5,0.1,13.4
12.98,13.5,0.1,13.4
12.985,13.5,0.1,13.4
12.99,13.5,0.1,13.4
12.995,13.5,0.1,13.4
13,13.5,0.1,13.4
13.005,13.5,0.1,13.4
13.01,13.5,0.1,13.4
13.015,13.5,0.1,13.4
13.02,13.5,0.1,13.4
13.025,13.5,0.1,13.4
13.03,13.5,0.1,13.4
13.035,13.5,0.1,13.4
13.04,13.5,0.1,13.4
13.045,13.5,0.1,13.4
13.05,13.5,0.1,13.4
13.055,13.5,0.1,13.4
13.06,13.5,0.1,13.4
13.065,13.5,0.1,13.4
13.07,13.5,0.1,13.4
13.075,13.5,0.1,13.4
13.08,13.5,0.1,13.4
13.085,13.5,0.1,13.4
13.09,13.5,0.1,13.4
13.095,13.5,0.1,13.4
13.1,13.5,0.1,13.4
13.105,13.5,0.1,13.4
13.11,13.5,0.1,13.4
13.115,13.5,0.1,13.4
13.12,13.5,0.1,13.4
13.125,13.5,0.1,13.4
13.13,13.5,0.1,13.4
13.135,13.5,0.1,13.4
13.14,13.5,0.1,13.4
13.145,13.5,0.1,13.4
13.15,13.5,0.1,13.4
13.155,13.5,0.1,13.4
13.16,13.5,0.1,13.4
13.165,13.5,0.1,13.4
13.17,13.5,0.1,13.4
13.175,13.5,0.1,13.4
13.18,13.5,0.1,13.4
13.185,13.5,0.1,13.4
13.19,13.5,0.1,13.4
13.195,13.5,0.1,13.4
13.2,13.5,0.1,13.4
13.205,13.5,0.1,13.4
13.21,13.5,0.1,13.4
13.215,13.5,0.1,13.4
13.22,13.5,0.1,13.4
13.225,13.5,0.1,13.4
13.23,13.5,0.1,13.4
13.235,13.5,0.1,13.4
13.24,13.5,0.1,13.4
13.245,13.5,0.1,13.4
13.25,13.5,0.1,13.4
13.255,13.5,0.1,13.5
13.26,13.5,0,13.5
13.265,13.5,0,13.5
13.27,13.5,0,13.5
13.275,13.5,0,13.5
13.28,13.5,0,13.5
13.285,13.5,0,13.5
13.29,13.5,0,13.5
13.295,13.5,0,13.5
13.3,13.5,0,13.5
13.305,13.5,0,13.5
13.31,13.5,0,13.5
13.315,13.5,0,13.5
13.32,13.5,0,13.5
13.325,13.5,0,13.5
13.33,13.5,0,13.5
13.335,13.5,0,13.5
13.34,13.5,0,13.5
13.345,13.5,0,13.5
13.35,13.5,0,13.5
13.355,13.5,0,13.5
13.36,13.5,0,13.5
13.365,13.5,0,13.5
13.37,13.5,0,13.5
13.375,13.5,0,13.5
13.38,13.5,0,13.5
13.385,13.5,0,13.5
13.39,13.5,0,13.5
13.395,13.5,0,13.5
13.4,13.5,0,13.5
13.405,13.5,0,13.5
13.41,13.5,0,13.5
13.415,13.5,0,13.5
13.42,13.5,0,13.5
13.425,13.5,0,13.5
13.43,13.5,0,13.5
13.435,13.5,0,13.5
13.44,13.5,0,13.5
13.445,13.5,0,13.5
13.45,13.5,0,13.5
13.455,13.5,0,13.5
13.46,13.5,0,13.5
13.465,13.5,0,13.5
13.47,13.5,0,13.5
13.475,13.5,0,13.5
13.48,13.5,0,13.5
13.485,13.5,0,13.5
13.49,13.5,0,13.5
13.495,13.5,0,13.5
13.5,13.5,0,13.5
13.505,13.5,0,13.5
13.51,13.5,0,13.5
13.515,13.5,0,13.5
13.52,13.5,0,13.5
13.525,13.5,0,13.5
13.53,13.5,0,13.5
13.535,13.5,0,13.5
13.54,13.5,0,13.5
13.545,13.5,0,13.5
13.55,13.5,0,13.5
13.555,13.5,0,13.5
13.56,13.5,0,13.5
13.565,13.5,0,13.5
13.57,13.5,0,13.5
13.575,13.5,0,13.5
13.58,13.5,0,13.5
13.585,13.5,0,13.5
13.59,13.5,0,13.5
13.595,13.5,0,13.5
13.6,13.5,0,13.5
13.605,13.5,0,13.5
13.61,13.5,0,13.5
13.615,13.5,0,13.5
13.62,13.5,0,13.5
13.625,13.5,0,13.5
13.63,13.5,0,13.5
13.635,13.5,0,13.5
13.64,13.5,0,13.5
13.645,13.5,0,13.5
13.65,13.5,0,13.5
13.655,13.5,0,13.5
13.66,13.5,0,13.5
13.665,13.5,0,13.5
13.67,13.5,0,13.5
13.675,13.5,0,13.5
13.68,13.5,0,13.5
13.685,13.5,0,13.5
13.69,13.5,0,13.5
13.695,13.5,0,13.5
13.7,13.5,0,13.5
13.705,13.5,0,13.5
13.71,13.5,0,13.5
13.715,13.5,0,13.5
13.72,13.5,0,13.5
13.725,13.5,0,13.5
13.73,13.5,0,13.5
13.735,13.5,0,13.5
13.74,13.5,0,13.5
13.745,13.5,0,13.5
13.75,13.5,0,13.5
13.755,13.5,0,13.5
13.76,13.5,0,13.5
13.765,13.5,0,13.5
13.77,13.5,0,13.5
13.775,13.5,0,13.5
13.78,13.5,0,13.5
13.785,13.5,0,13.5
13.79,13.5,0,13.5
13.795,13.5,0,13.5
13.8,13.5,0,13.5
13.805,13.5,0,13.5
13.81,13.5,0,13.5
13.815,13.5,0,13.5
13.82,13.5,0,13.5
13.825,13.5,0,13.5
13.83,13.5,0,13.5
13.835,13.5,0,13.5
13.84,13.5,0,13.5
13.845,13.5,0,13.5
13.85,13.5,0,13.5
13.855,13.5,0,13.5
13.86,13.5,0,13.5
13.865,13.5,0,13.5
13.87,13.5,0,13.5
13.875,13.5,0,13.5
13.88,13.5,0,13.5
13.885,13.5,0,13.5
13.89,13.5,0,13.5
13.895,13.5,0,13.5
13.9,13.5,0,13.5
13.905,13.5,0,13.5
13.91,13.5,0,13.5
13.915,13.5,0,13.5
13.92,13.5,0,13.5
13.925,13.5,0,13.5
13.93,13.5,0,13.5
13.935,13.5,0,13.5
13.94,13.5,0,13.5
13.945,13.5,0,13.5
13.95,13.5,0,13.5
13.955,13.5,0,13.5
13.96,13.5,0,13.5
13.965,13.5,0,13.5
13.97,13.5,0,13.5
13.975,13.5,0,13.5
13.98,13.5,0,13.5
13.985,13.5,0,13.5
13.99,13.5,0,13.5
13.995,13.5,0,13.5
14,13.5,0,13.5
14.005,13.5,0,13.5
14.01,13.5,0,13.5
14.015,13.5,0,13.5
14.02,13.5,0,13.5
14.025,13.5,0,13.5
14.03,13.5,0,13.5
14.035,13.5,0,13.5
14.04,13.5,0,13.5
14.045,13.5,0,13.5
14.05,13.5,0,13.5
14.055,13.5,0,13.5
14.06,13.5,0,13.5
14.065,13.5,0,13.5
14.07,13.5,0,13.5
14.075,13.5,0,13.5
14.08,13.5,0,13.5
14.085,13.5,0,13.5
14.09,13.5,0,13.5
14.095,13.5,0,13.5
14.1,13.5,0,13.5
14.105,13.5,0,13.5
14.11,13.5,0,13.5
14.115,13.5,0,13.5
14.12,13.5,0,13.5
14.125,13.5,0,13.5
14.13,13.5,0,13.5
14.135,13.5,0,13.5
14.14,13.5,0,13.5
14.145,13.5,0,13.5
14.15,13.5,0,13.5
14.155,13.5,0,13.5
14.16,13.5,0,13.5
14.165,13.5,0,13.5
14.17,13.5,0,13.5
14.175,13.5,0,13.5
14.18,13.5,0,13.5
14.185,13.5,0,13.5
14.19,13.5,0,13.5
14.195,13.5,0,13.5
14.2,13.5,0,13.5
14.205,13.5,0,13.5
14.21,13.5,0,13.5
14.215,13.5,0,13.5
14.22,13.5,0,13.5
14.225,13.5,0,13.5
14.23,13.5,0,13.5
14.235,13.5,0,13.5
14.24,13.5,0,13.5
14.245,13.5,0,13.5
14.25,13.5,0,13.5
14.255,13.5,0,13.5
14.26,13.5,0,13.5
14.265,13.5,0,13.5
14.27,13.5,0,13.5
14.275,13.5,0,13.5
14.28,13.5,0,13.5
14.285,13.5,0,13.5
14.29,13.5,0,13.5
14.295,13.5,0,13.5
14.3,13.5,0,13.5
14.305,13.5,0,13.5
14.31,13.5,0,13.5
14.315,13.5,0,13.5
14.32,13.5,0,13.5
14.325,13.5,0,13.5
14.33,13.5,0,13.5
14.335,13.5,0,13.5
14.34,13.5,0,13.5
14.345,13.5,0,13.5
14.35,13.5,0,13.5
14.355,13.5,0,13.5
14.36,13.5,0,13.5
14.365,13.5,0,13.5
14.37,13.5,0,13.5
14.375,13.5,0,13.5
14.38,13.5,0,13.5
14.385,13.5,0,13.5
14.39,13.5,0,13.5
14.395,13.5,0,13.5
14.4,13.5,0,13.5
14.405,13.5,0,13.5
14.41,13.5,0,13.5
14.415,13.5,0,13.5
14.42,13.5,0,13.5
14.425,13.5,0,13.5
14.43,13.5,0,13.5
14.435,13.5,0,13.5
14.44,13.5,0,13.5
14.445,13.5,0,13.5
14.45,13.5,0,13.5
14.455,13.5,0,13.5
14.46,13.5,0,13.5
14.465,13.5,0,13.5
14.47,13.5,0,13.5
14.475,13.5,0,13.5
14.48,13.5,0,13.5
14.485,13.5,0,13.5
14.49,13.5,0,13.5
14.495,13.5,0,13.5
14.5,13.5,0,13.5
14.505,13.5,0,13.5
14.51,13.5,0,13.5
14.515,13.5,0,13.5
14.52,13.5,0,13.5
14.525,13.5,0,13.5
14.53,13.5,0,13.5
14.535,13.5,0,13.5
14.54,13.5,0,13.5
14.545,13.5,0,13.5
14.55,13.5,0,13.5
14.555,13.5,0,13.5
14.56,13.5,0,13.5
14.565,13.5,0,13.5
14.57,13.5,0,13.5
14.575,13.5,0,13.5
14.58,13.5,0,13.5
14.585,13.5,0,13.5
14.59,13.5,0,13.5
14.595,13.5,0,13.5
14.6,13.5,0,13.5
14.605,13.5,0,13.5
14.61,13.5,0,13.5
14.615,13.5,0,13.5
14.62,13.5,0,13.5
14.625,13.5,0,13.5
14.63,13.5,0,13.5
14.635,13.5,0,13.5
14.64,13.5,0,13.5
14.645,13.5,0,13.5
14.65,13.5,0,13.5
14.655,13.5,0,13.5
14.66,13.5,0,13.5
14.665,13.5,0,13.5
14.67,13.5,0,13.5
14.675,13.5,0,13.5
14.68,13.5,0,13.5
14.685,13.5,0,13.5
14.69,13.5,0,13.5
14.695,13.5,0,13.5
14.7,13.5,0,13.5
14.705,13.5,0,13.5
14.71,13.5,0,13.5
14.715,13.5,0,13.5
14.72,13.5,0,13.5
14.725,13.5,0,13.5
14.73,13.5,0,13.5
14.735,13.5,0,13.5
14.74,13.5,0,13.5
14.745,13.5,0,13.5
14.75,13.5,0,13.5
14.755,13.5,0,13.5
14.76,13.5,0,13.5
14.765,13.5,0,13.5
14.77,13.5,0,13.5
14.775,13.5,0,13.5
14.78,13.5,0,13.5
14.785,13.5,0,13.5
14.79,13.5,0,13.5
14.795,13.5,0,13.5
14.8,13.5,0,13.5
14.805,13.5,0,13.5
14.81,13.5,0,13.5
14.815,13.5,0,13.5
14.82,13.5,0,13.5
14.825,13.5,0,13.5
14.83,13.5,0,13.5
14.835,13.5,0,13.5
14.84,13.5,0,13.5
14.845,13.5,0,13.5
14.85,13.5,0,13.5
14.855,13.5,0,13.5
14.86,13.5,0,13.5
14.865,13.5,0,13.5
14.87,13.5,0,13.5
14.875,13.5,0,13.5
14.88,13.5,0,13.5
14.885,13.5,0,13.5
14.89,13.5,0,13.5
14.895,13.5,0,13.5
14.9,13.5,0,13.5
14.905,13.5,0,13.5
14.91,13.5,0,13.5
14.915,13.5,0,13.5
14.92,13.5,0,13.5
14.925,13.5,0,13.5
14.93,13.5,0,13.5
14.935,13.5,0,13.5
14.94,13.5,0,13.5
14.945,13.5,0,13.5
14.95,13.5,0,13.5
14.955,13.5,0,13.5
14.96,13.5,0,13.5
14.965,13.5,0,13.5
14.97,13.5,0,13.5
14.975,13.5,0,13.5
14.98,13.5,0,13.5
14.985,13.5,0,13.5
14.99,13.5,0,13.5
14.995,13.5,0,13.5
